date,date_id,label,label_name,max_flare_class,max_xrsb_irrad_w_m2,flare_count
2010-05-01,0,3,C,C8.1,8.111000000e-06,7
2010-05-02,1,2,B,B5.2,5.252000000e-07,12
2010-05-03,2,2,B,B2.6,2.663000000e-07,8
2010-05-04,3,3,C,C5.1,5.186000000e-06,13
2010-05-05,4,4,M,M1.8,1.813000000e-05,16
2010-05-06,5,2,B,B2.9,2.906000000e-07,3
2010-05-07,6,3,C,C2.9,2.908000000e-06,8
2010-05-08,7,4,M,M1.3,1.325000000e-05,16
2010-05-09,8,2,B,B2.7,2.785000000e-07,3
2010-05-10,9,2,B,B1.7,1.794000000e-07,1
2010-05-11,10,2,B,B1.3,1.392000000e-07,1
2010-05-12,11,2,B,B2.0,2.052000000e-07,3
2010-05-13,12,2,B,B3.7,3.778000000e-07,1
2010-05-14,13,0,none,,,0
2010-05-15,14,0,none,,,0
2010-05-16,15,0,none,,,0
2010-05-17,16,0,none,,,0
2010-05-18,17,0,none,,,0
2010-05-19,18,0,none,,,0
2010-05-20,19,0,none,,,0
2010-05-21,20,0,none,,,0
2010-05-22,21,2,B,B1.5,1.589000000e-07,1
2010-05-23,22,2,B,B1.7,1.767000000e-07,2
2010-05-24,23,2,B,B1.1,1.106000000e-07,2
2010-05-25,24,2,B,B9.1,9.114000000e-07,1
2010-05-26,25,0,none,,,0
2010-05-27,26,2,B,B1.8,1.836000000e-07,2
2010-05-28,27,0,none,,,0
2010-05-29,28,0,none,,,0
2010-05-30,29,0,none,,,0
2010-05-31,30,0,none,,,0
2010-06-01,31,0,none,,,0
2010-06-02,32,2,B,B1.5,1.551000000e-07,2
2010-06-03,33,2,B,B1.6,1.627000000e-07,6
2010-06-04,34,2,B,B1.0,1.045000000e-07,1
2010-06-05,35,0,none,,,0
2010-06-06,36,2,B,B1.7,1.753000000e-07,2
2010-06-07,37,2,B,B2.5,2.597000000e-07,4
2010-06-08,38,2,B,B1.7,1.755000000e-07,6
2010-06-09,39,2,B,B6.8,6.833000000e-07,14
2010-06-10,40,2,B,B1.3,1.351000000e-07,3
2010-06-11,41,2,B,B8.6,8.642000000e-07,5
2010-06-12,42,4,M,M2.8,2.879000000e-05,17
2010-06-13,43,4,M,M1.4,1.464000000e-05,20
2010-06-14,44,3,C,C2.2,2.207000000e-06,7
2010-06-15,45,0,none,,,0
2010-06-16,46,0,none,,,0
2010-06-17,47,2,B,B6.8,6.888000000e-07,4
2010-06-18,48,2,B,B2.2,2.287000000e-07,2
2010-06-19,49,0,none,,,0
2010-06-20,50,0,none,,,0
2010-06-21,51,2,B,B1.5,1.545000000e-07,1
2010-06-22,52,2,B,B2.6,2.678000000e-07,1
2010-06-23,53,2,B,B2.0,2.015000000e-07,2
2010-06-24,54,0,none,,,0
2010-06-25,55,2,B,B4.4,4.488000000e-07,3
2010-06-26,56,2,B,B1.2,1.200000000e-07,1
2010-06-27,57,2,B,B1.7,1.793000000e-07,1
2010-06-28,58,0,none,,,0
2010-06-29,59,2,B,B1.7,1.751000000e-07,3
2010-06-30,60,0,none,,,0
2010-07-01,61,2,B,B1.0,1.093000000e-07,1
2010-07-02,62,0,none,,,0
2010-07-03,63,0,none,,,0
2010-07-04,64,0,none,,,0
2010-07-05,65,0,none,,,0
2010-07-06,66,2,B,B1.1,1.117000000e-07,1
2010-07-07,67,2,B,B3.8,3.862000000e-07,7
2010-07-08,68,3,C,C1.7,1.722000000e-06,10
2010-07-09,69,3,C,C4.9,4.932000000e-06,14
2010-07-10,70,2,B,B9.9,9.949000000e-07,4
2010-07-11,71,2,B,B6.0,6.045000000e-07,7
2010-07-12,72,2,B,B5.4,5.403000000e-07,9
2010-07-13,73,3,C,C3.7,3.737000000e-06,5
2010-07-14,74,3,C,C5.1,5.141000000e-06,6
2010-07-15,75,2,B,B2.8,2.850000000e-07,5
2010-07-16,76,2,B,B4.0,4.016000000e-07,7
2010-07-17,77,3,C,C3.4,3.497000000e-06,9
2010-07-18,78,2,B,B2.6,2.614000000e-07,3
2010-07-19,79,2,B,B7.3,7.387000000e-07,9
2010-07-20,80,3,C,C2.0,2.076000000e-06,19
2010-07-21,81,3,C,C1.1,1.178000000e-06,14
2010-07-22,82,3,C,C1.3,1.357000000e-06,13
2010-07-23,83,3,C,C1.2,1.291000000e-06,12
2010-07-24,84,2,B,B4.0,4.021000000e-07,7
2010-07-25,85,2,B,B2.8,2.885000000e-07,9
2010-07-26,86,2,B,B7.9,7.923000000e-07,11
2010-07-27,87,3,C,C3.1,3.111000000e-06,11
2010-07-28,88,3,C,C4.0,4.064000000e-06,7
2010-07-29,89,3,C,C1.0,1.032000000e-06,4
2010-07-30,90,3,C,C1.2,1.248000000e-06,10
2010-07-31,91,3,C,C1.0,1.020000000e-06,7
2010-08-01,92,3,C,C4.5,4.565000000e-06,6
2010-08-02,93,3,C,C1.2,1.225000000e-06,6
2010-08-03,94,2,B,B6.9,6.972000000e-07,10
2010-08-04,95,2,B,B8.9,8.979000000e-07,7
2010-08-05,96,3,C,C1.9,1.917000000e-06,6
2010-08-06,97,2,B,B7.6,7.657000000e-07,5
2010-08-07,98,4,M,M1.4,1.468000000e-05,4
2010-08-08,99,2,B,B2.9,2.984000000e-07,6
2010-08-09,100,2,B,B2.1,2.147000000e-07,5
2010-08-10,101,3,C,C1.1,1.116000000e-06,6
2010-08-11,102,2,B,B5.2,5.297000000e-07,12
2010-08-12,103,2,B,B3.1,3.162000000e-07,2
2010-08-13,104,2,B,B4.4,4.438000000e-07,3
2010-08-14,105,3,C,C6.3,6.304000000e-06,5
2010-08-15,106,3,C,C7.6,7.667000000e-06,13
2010-08-16,107,3,C,C1.9,1.979000000e-06,15
2010-08-17,108,3,C,C2.1,2.147000000e-06,18
2010-08-18,109,3,C,C6.4,6.473000000e-06,1
2010-08-19,110,2,B,B1.8,1.819000000e-07,3
2010-08-20,111,0,none,,,0
2010-08-21,112,0,none,,,0
2010-08-22,113,0,none,,,0
2010-08-23,114,0,none,,,0
2010-08-24,115,0,none,,,0
2010-08-25,116,0,none,,,0
2010-08-26,117,2,B,B3.3,3.333000000e-07,7
2010-08-27,118,2,B,B6.2,6.273000000e-07,17
2010-08-28,119,0,none,,,0
2010-08-29,120,0,none,,,0
2010-08-30,121,2,B,B1.9,1.982000000e-07,4
2010-08-31,122,2,B,B2.1,2.189000000e-07,3
2010-09-01,123,2,B,B1.3,1.344000000e-07,3
2010-09-02,124,0,none,,,0
2010-09-03,125,2,B,B3.5,3.552000000e-07,5
2010-09-04,126,2,B,B8.3,8.353000000e-07,18
2010-09-05,127,2,B,B7.5,7.549000000e-07,14
2010-09-06,128,3,C,C3.5,3.548000000e-06,11
2010-09-07,129,2,B,B8.4,8.436000000e-07,13
2010-09-08,130,3,C,C4.7,4.738000000e-06,8
2010-09-09,131,2,B,B1.5,1.513000000e-07,3
2010-09-10,132,2,B,B7.4,7.457000000e-07,15
2010-09-11,133,2,B,B6.7,6.704000000e-07,7
2010-09-12,134,2,B,B2.4,2.407000000e-07,3
2010-09-13,135,0,none,,,0
2010-09-14,136,0,none,,,0
2010-09-15,137,3,C,C1.2,1.259000000e-06,7
2010-09-16,138,2,B,B6.8,6.824000000e-07,7
2010-09-17,139,3,C,C1.8,1.816000000e-06,7
2010-09-18,140,2,B,B5.6,5.616000000e-07,3
2010-09-19,141,2,B,B5.0,5.077000000e-07,3
2010-09-20,142,3,C,C1.7,1.788000000e-06,8
2010-09-21,143,3,C,C2.1,2.196000000e-06,4
2010-09-22,144,3,C,C1.1,1.176000000e-06,3
2010-09-23,145,2,B,B3.3,3.379000000e-07,3
2010-09-24,146,2,B,B3.8,3.837000000e-07,5
2010-09-25,147,2,B,B5.4,5.442000000e-07,6
2010-09-26,148,3,C,C1.0,1.012000000e-06,13
2010-09-27,149,2,B,B8.3,8.370000000e-07,6
2010-09-28,150,3,C,C2.8,2.839000000e-06,11
2010-09-29,151,2,B,B9.0,9.008000000e-07,6
2010-09-30,152,2,B,B9.6,9.646000000e-07,11
2010-10-01,153,2,B,B7.1,7.126000000e-07,7
2010-10-02,154,2,B,B6.8,6.804000000e-07,3
2010-10-03,155,2,B,B2.9,2.982000000e-07,6
2010-10-04,156,3,C,C3.2,3.300000000e-06,9
2010-10-05,157,2,B,B6.9,6.950000000e-07,7
2010-10-06,158,0,none,,,0
2010-10-07,159,2,B,B1.8,1.856000000e-07,8
2010-10-08,160,2,B,B1.9,1.955000000e-07,1
2010-10-09,161,2,B,B4.2,4.234000000e-07,1
2010-10-10,162,2,B,B7.4,7.473000000e-07,8
2010-10-11,163,0,none,,,0
2010-10-12,164,2,B,B1.1,1.144000000e-07,1
2010-10-13,165,2,B,B5.3,5.367000000e-07,8
2010-10-14,166,2,B,B5.2,5.278000000e-07,8
2010-10-15,167,2,B,B2.2,2.207000000e-07,11
2010-10-16,168,4,M,M4.2,4.240000000e-05,7
2010-10-17,169,3,C,C2.4,2.424000000e-06,18
2010-10-18,170,3,C,C3.5,3.535000000e-06,10
2010-10-19,171,3,C,C1.8,1.874000000e-06,16
2010-10-20,172,3,C,C2.1,2.124000000e-06,13
2010-10-21,173,2,B,B4.0,4.084000000e-07,15
2010-10-22,174,2,B,B2.2,2.279000000e-07,7
2010-10-23,175,2,B,B6.3,6.311000000e-07,7
2010-10-24,176,2,B,B5.5,5.582000000e-07,22
2010-10-25,177,3,C,C3.2,3.254000000e-06,21
2010-10-26,178,3,C,C1.5,1.592000000e-06,23
2010-10-27,179,3,C,C1.6,1.689000000e-06,16
2010-10-28,180,2,B,B2.7,2.753000000e-07,10
2010-10-29,181,2,B,B5.6,5.629000000e-07,19
2010-10-30,182,2,B,B9.2,9.259000000e-07,10
2010-10-31,183,3,C,C8.1,8.187000000e-06,18
2010-11-01,184,3,C,C1.8,1.816000000e-06,11
2010-11-02,185,2,B,B4.5,4.579000000e-07,3
2010-11-03,186,3,C,C7.1,7.126000000e-06,2
2010-11-04,187,4,M,M2.3,2.333000000e-05,10
2010-11-05,188,4,M,M1.4,1.480000000e-05,15
2010-11-06,189,4,M,M7.7,7.769000000e-05,13
2010-11-07,190,3,C,C7.7,7.777000000e-06,9
2010-11-08,191,2,B,B2.4,2.412000000e-07,1
2010-11-09,192,2,B,B4.1,4.186000000e-07,10
2010-11-10,193,3,C,C1.2,1.281000000e-06,14
2010-11-11,194,3,C,C6.8,6.858000000e-06,23
2010-11-12,195,3,C,C6.7,6.744000000e-06,14
2010-11-13,196,3,C,C1.8,1.866000000e-06,13
2010-11-14,197,2,B,B5.1,5.112000000e-07,12
2010-11-15,198,3,C,C3.3,3.316000000e-06,15
2010-11-16,199,2,B,B6.3,6.358000000e-07,3
2010-11-17,200,3,C,C1.1,1.111000000e-06,7
2010-11-18,201,2,B,B5.6,5.645000000e-07,10
2010-11-19,202,2,B,B3.0,3.071000000e-07,4
2010-11-20,203,2,B,B3.8,3.871000000e-07,2
2010-11-21,204,2,B,B2.9,2.973000000e-07,2
2010-11-22,205,0,none,,,0
2010-11-23,206,2,B,B1.7,1.746000000e-07,4
2010-11-24,207,2,B,B1.2,1.275000000e-07,2
2010-11-25,208,2,B,B4.0,4.082000000e-07,5
2010-11-26,209,0,none,,,0
2010-11-27,210,2,B,B1.2,1.277000000e-07,2
2010-11-28,211,2,B,B3.3,3.375000000e-07,6
2010-11-29,212,2,B,B3.5,3.537000000e-07,14
2010-11-30,213,3,C,C1.1,1.142000000e-06,7
2010-12-01,214,3,C,C1.5,1.533000000e-06,14
2010-12-02,215,2,B,B3.7,3.777000000e-07,5
2010-12-03,216,2,B,B7.4,7.407000000e-07,3
2010-12-04,217,2,B,B7.9,7.902000000e-07,8
2010-12-05,218,2,B,B5.8,5.813000000e-07,11
2010-12-06,219,2,B,B2.2,2.209000000e-07,1
2010-12-07,220,2,B,B1.6,1.656000000e-07,1
2010-12-08,221,2,B,B1.8,1.806000000e-07,2
2010-12-09,222,2,B,B1.6,1.697000000e-07,4
2010-12-10,223,2,B,B3.3,3.363000000e-07,1
2010-12-11,224,2,B,B5.5,5.573000000e-07,2
2010-12-12,225,2,B,B8.3,8.368000000e-07,3
2010-12-13,226,2,B,B3.7,3.755000000e-07,2
2010-12-14,227,3,C,C3.3,3.326000000e-06,1
2010-12-15,228,3,C,C7.6,7.683000000e-06,6
2010-12-16,229,3,C,C1.0,1.053000000e-06,5
2010-12-17,230,2,B,B6.8,6.831000000e-07,9
2010-12-18,231,0,none,,,0
2010-12-19,232,2,B,B1.3,1.395000000e-07,1
2010-12-20,233,2,B,B1.1,1.105000000e-07,1
2010-12-21,234,0,none,,,0
2010-12-22,235,0,none,,,0
2010-12-23,236,0,none,,,0
2010-12-24,237,0,none,,,0
2010-12-25,238,0,none,,,0
2010-12-26,239,0,none,,,0
2010-12-27,240,2,B,B1.9,1.939000000e-07,5
2010-12-28,241,2,B,B1.1,1.150000000e-07,1
2010-12-29,242,2,B,B6.0,6.034000000e-07,6
2010-12-30,243,2,B,B1.3,1.357000000e-07,1
2010-12-31,244,3,C,C1.9,1.931000000e-06,9
2011-01-01,245,3,C,C1.1,1.177000000e-06,11
2011-01-02,246,2,B,B6.4,6.475000000e-07,11
2011-01-03,247,3,C,C1.6,1.618000000e-06,9
2011-01-04,248,3,C,C2.8,2.833000000e-06,12
2011-01-05,249,2,B,B5.5,5.567000000e-07,9
2011-01-06,250,2,B,B1.6,1.619000000e-07,2
2011-01-07,251,2,B,B7.1,7.117000000e-07,2
2011-01-08,252,2,B,B3.4,3.469000000e-07,3
2011-01-09,253,2,B,B1.6,1.666000000e-07,3
2011-01-10,254,2,B,B6.4,6.477000000e-07,11
2011-01-11,255,2,B,B4.3,4.356000000e-07,10
2011-01-12,256,2,B,B3.0,3.074000000e-07,5
2011-01-13,257,2,B,B5.1,5.149000000e-07,4
2011-01-14,258,3,C,C2.3,2.354000000e-06,6
2011-01-15,259,3,C,C1.5,1.592000000e-06,25
2011-01-16,260,2,B,B3.2,3.239000000e-07,8
2011-01-17,261,2,B,B8.1,8.194000000e-07,23
2011-01-18,262,2,B,B2.6,2.682000000e-07,9
2011-01-19,263,2,B,B3.3,3.390000000e-07,6
2011-01-20,264,2,B,B5.8,5.870000000e-07,9
2011-01-21,265,3,C,C4.7,4.788000000e-06,25
2011-01-22,266,3,C,C3.5,3.511000000e-06,13
2011-01-23,267,2,B,B3.8,3.888000000e-07,6
2011-01-24,268,3,C,C2.0,2.050000000e-06,10
2011-01-25,269,2,B,B1.2,1.280000000e-07,5
2011-01-26,270,2,B,B4.4,4.474000000e-07,16
2011-01-27,271,3,C,C2.1,2.183000000e-06,14
2011-01-28,272,4,M,M2.0,2.005000000e-05,19
2011-01-29,273,3,C,C1.0,1.030000000e-06,10
2011-01-30,274,2,B,B3.1,3.149000000e-07,3
2011-01-31,275,2,B,B2.6,2.628000000e-07,8
2011-02-01,276,2,B,B6.3,6.305000000e-07,6
2011-02-02,277,2,B,B5.7,5.793000000e-07,6
2011-02-03,278,2,B,B3.5,3.539000000e-07,2
2011-02-04,279,3,C,C1.3,1.342000000e-06,10
2011-02-05,280,2,B,B5.0,5.004000000e-07,1
2011-02-06,281,0,none,,,0
2011-02-07,282,2,B,B3.1,3.151000000e-07,6
2011-02-08,283,3,C,C5.7,5.788000000e-06,15
2011-02-09,284,4,M,M2.7,2.746000000e-05,14
2011-02-10,285,3,C,C6.7,6.770000000e-06,20
2011-02-11,286,3,C,C1.3,1.356000000e-06,9
2011-02-12,287,3,C,C3.7,3.760000000e-06,16
2011-02-13,288,4,M,M9.5,9.504000000e-05,16
2011-02-14,289,4,M,M3.2,3.269000000e-05,16
2011-02-15,290,5,X,X3.3,3.301000000e-04,13
2011-02-16,291,4,M,M2.3,2.360000000e-05,18
2011-02-17,292,3,C,C8.7,8.776000000e-06,19
2011-02-18,293,4,M,M9.6,9.614000000e-05,26
2011-02-19,294,4,M,M1.2,1.224000000e-05,25
2011-02-20,295,3,C,C2.4,2.447000000e-06,10
2011-02-21,296,4,M,M1.1,1.133000000e-05,18
2011-02-22,297,2,B,B9.1,9.178000000e-07,10
2011-02-23,298,3,C,C1.7,1.745000000e-06,5
2011-02-24,299,4,M,M5.0,5.041000000e-05,10
2011-02-25,300,3,C,C2.2,2.295000000e-06,11
2011-02-26,301,3,C,C1.9,1.907000000e-06,17
2011-02-27,302,3,C,C6.0,6.098000000e-06,12
2011-02-28,303,4,M,M1.6,1.659000000e-05,26
2011-03-01,304,3,C,C6.7,6.703000000e-06,11
2011-03-02,305,3,C,C2.0,2.003000000e-06,2
2011-03-03,306,3,C,C7.7,7.747000000e-06,12
2011-03-04,307,3,C,C3.1,3.128000000e-06,6
2011-03-05,308,3,C,C4.1,4.113000000e-06,13
2011-03-06,309,4,M,M1.2,1.238000000e-05,23
2011-03-07,310,4,M,M5.3,5.321000000e-05,16
2011-03-08,311,4,M,M7.6,7.655000000e-05,12
2011-03-09,312,5,X,X2.2,2.244000000e-04,22
2011-03-10,313,4,M,M1.5,1.597000000e-05,14
2011-03-11,314,3,C,C7.8,7.840000000e-06,14
2011-03-12,315,4,M,M1.9,1.929000000e-05,13
2011-03-13,316,3,C,C9.6,9.635000000e-06,10
2011-03-14,317,4,M,M6.0,6.060000000e-05,19
2011-03-15,318,4,M,M1.4,1.450000000e-05,17
2011-03-16,319,3,C,C1.9,1.995000000e-06,7
2011-03-17,320,2,B,B6.4,6.445000000e-07,3
2011-03-18,321,2,B,B7.4,7.477000000e-07,5
2011-03-19,322,2,B,B4.7,4.720000000e-07,3
2011-03-20,323,2,B,B9.9,9.913000000e-07,1
2011-03-21,324,3,C,C3.6,3.608000000e-06,5
2011-03-22,325,3,C,C5.5,5.574000000e-06,7
2011-03-23,326,4,M,M2.0,2.080000000e-05,6
2011-03-24,327,4,M,M1.5,1.518000000e-05,16
2011-03-25,328,4,M,M1.4,1.458000000e-05,6
2011-03-26,329,3,C,C1.4,1.452000000e-06,2
2011-03-27,330,3,C,C4.5,4.505000000e-06,7
2011-03-28,331,3,C,C1.9,1.956000000e-06,10
2011-03-29,332,3,C,C2.3,2.338000000e-06,5
2011-03-30,333,3,C,C2.7,2.743000000e-06,10
2011-03-31,334,3,C,C3.8,3.826000000e-06,4
2011-04-01,335,3,C,C4.9,4.976000000e-06,3
2011-04-02,336,3,C,C1.1,1.167000000e-06,3
2011-04-03,337,3,C,C1.7,1.756000000e-06,1
2011-04-04,338,2,B,B8.1,8.137000000e-07,4
2011-04-05,339,3,C,C1.0,1.033000000e-06,3
2011-04-06,340,3,C,C2.7,2.785000000e-06,4
2011-04-07,341,3,C,C2.5,2.585000000e-06,5
2011-04-08,342,3,C,C1.0,1.038000000e-06,2
2011-04-09,343,3,C,C1.8,1.892000000e-06,7
2011-04-10,344,2,B,B7.0,7.072000000e-07,4
2011-04-11,345,3,C,C3.6,3.606000000e-06,10
2011-04-12,346,3,C,C2.6,2.641000000e-06,10
2011-04-13,347,3,C,C3.6,3.654000000e-06,19
2011-04-14,348,3,C,C7.1,7.118000000e-06,26
2011-04-15,349,4,M,M1.9,1.948000000e-05,16
2011-04-16,350,3,C,C8.2,8.274000000e-06,19
2011-04-17,351,3,C,C2.0,2.064000000e-06,4
2011-04-18,352,3,C,C2.6,2.686000000e-06,10
2011-04-19,353,3,C,C1.4,1.459000000e-06,6
2011-04-20,354,3,C,C5.8,5.809000000e-06,7
2011-04-21,355,4,M,M1.2,1.227000000e-05,12
2011-04-22,356,4,M,M2.6,2.638000000e-05,26
2011-04-23,357,3,C,C3.5,3.501000000e-06,17
2011-04-24,358,3,C,C3.4,3.451000000e-06,3
2011-04-25,359,3,C,C1.3,1.310000000e-06,6
2011-04-26,360,2,B,B6.0,6.053000000e-07,1
2011-04-27,361,3,C,C2.9,2.921000000e-06,5
2011-04-28,362,3,C,C3.5,3.533000000e-06,12
2011-04-29,363,3,C,C5.4,5.463000000e-06,7
2011-04-30,364,3,C,C4.6,4.698000000e-06,13
2011-05-01,365,3,C,C9.3,9.355000000e-06,12
2011-05-02,366,3,C,C1.6,1.687000000e-06,7
2011-05-03,367,3,C,C1.9,1.936000000e-06,5
2011-05-04,368,3,C,C1.3,1.306000000e-06,5
2011-05-05,369,3,C,C1.1,1.129000000e-06,4
2011-05-06,370,2,B,B5.2,5.281000000e-07,3
2011-05-07,371,2,B,B4.4,4.436000000e-07,5
2011-05-08,372,2,B,B5.9,5.993000000e-07,1
2011-05-09,373,3,C,C7.7,7.771000000e-06,6
2011-05-10,374,2,B,B5.3,5.334000000e-07,2
2011-05-11,375,3,C,C1.1,1.135000000e-06,5
2011-05-12,376,3,C,C2.8,2.846000000e-06,3
2011-05-13,377,2,B,B2.9,2.904000000e-07,3
2011-05-14,378,2,B,B2.3,2.388000000e-07,4
2011-05-15,379,3,C,C6.9,6.930000000e-06,8
2011-05-16,380,2,B,B7.9,7.903000000e-07,6
2011-05-17,381,2,B,B7.3,7.369000000e-07,9
2011-05-18,382,3,C,C2.9,2.933000000e-06,12
2011-05-19,383,2,B,B4.8,4.812000000e-07,3
2011-05-20,384,2,B,B1.2,1.228000000e-07,4
2011-05-21,385,2,B,B3.6,3.690000000e-07,7
2011-05-22,386,2,B,B2.1,2.178000000e-07,2
2011-05-23,387,2,B,B2.4,2.412000000e-07,1
2011-05-24,388,2,B,B1.6,1.675000000e-07,3
2011-05-25,389,3,C,C2.0,2.001000000e-06,9
2011-05-26,390,2,B,B5.9,5.953000000e-07,5
2011-05-27,391,3,C,C8.0,8.095000000e-06,12
2011-05-28,392,4,M,M1.6,1.674000000e-05,24
2011-05-29,393,4,M,M2.0,2.015000000e-05,14
2011-05-30,394,4,M,M1.0,1.018000000e-05,9
2011-05-31,395,3,C,C2.6,2.682000000e-06,7
2011-06-01,396,3,C,C5.9,5.912000000e-06,6
2011-06-02,397,3,C,C5.3,5.364000000e-06,10
2011-06-03,398,3,C,C3.6,3.619000000e-06,5
2011-06-04,399,3,C,C1.0,1.083000000e-06,2
2011-06-05,400,2,B,B4.7,4.762000000e-07,1
2011-06-06,401,3,C,C1.8,1.824000000e-06,12
2011-06-07,402,4,M,M3.6,3.648000000e-05,3
2011-06-08,403,2,B,B9.5,9.585000000e-07,3
2011-06-09,404,3,C,C5.8,5.867000000e-06,6
2011-06-10,405,3,C,C4.1,4.139000000e-06,7
2011-06-11,406,2,B,B5.4,5.448000000e-07,11
2011-06-12,407,3,C,C1.2,1.216000000e-06,6
2011-06-13,408,3,C,C1.7,1.791000000e-06,10
2011-06-14,409,4,M,M1.9,1.990000000e-05,11
2011-06-15,410,3,C,C4.5,4.582000000e-06,14
2011-06-16,411,4,M,M1.0,1.017000000e-05,9
2011-06-17,412,3,C,C5.6,5.654000000e-06,13
2011-06-18,413,3,C,C1.2,1.229000000e-06,7
2011-06-19,414,3,C,C6.7,6.726000000e-06,7
2011-06-20,415,2,B,B5.5,5.546000000e-07,3
2011-06-21,416,4,M,M1.1,1.109000000e-05,2
2011-06-22,417,2,B,B3.8,3.809000000e-07,3
2011-06-23,418,2,B,B7.9,7.926000000e-07,5
2011-06-24,419,2,B,B6.0,6.083000000e-07,6
2011-06-25,420,2,B,B5.9,5.982000000e-07,3
2011-06-26,421,2,B,B4.8,4.875000000e-07,3
2011-06-27,422,3,C,C1.0,1.055000000e-06,6
2011-06-28,423,3,C,C1.3,1.351000000e-06,5
2011-06-29,424,3,C,C1.0,1.025000000e-06,8
2011-06-30,425,2,B,B4.7,4.755000000e-07,3
2011-07-01,426,2,B,B7.4,7.446000000e-07,11
2011-07-02,427,2,B,B5.0,5.003000000e-07,5
2011-07-03,428,3,C,C3.0,3.093000000e-06,12
2011-07-04,429,2,B,B3.5,3.586000000e-07,6
2011-07-05,430,2,B,B3.9,3.902000000e-07,6
2011-07-06,431,2,B,B4.7,4.743000000e-07,4
2011-07-07,432,3,C,C1.5,1.522000000e-06,15
2011-07-08,433,3,C,C4.5,4.570000000e-06,9
2011-07-09,434,2,B,B6.7,6.716000000e-07,8
2011-07-10,435,2,B,B3.6,3.669000000e-07,1
2011-07-11,436,3,C,C3.7,3.742000000e-06,5
2011-07-12,437,3,C,C2.8,2.848000000e-06,7
2011-07-13,438,2,B,B7.9,7.905000000e-07,7
2011-07-14,439,2,B,B5.5,5.516000000e-07,5
2011-07-15,440,2,B,B4.9,4.938000000e-07,4
2011-07-16,441,2,B,B8.6,8.695000000e-07,5
2011-07-17,442,3,C,C1.1,1.120000000e-06,6
2011-07-18,443,3,C,C1.5,1.534000000e-06,5
2011-07-19,444,3,C,C1.0,1.005000000e-06,7
2011-07-20,445,3,C,C1.1,1.165000000e-06,10
2011-07-21,446,2,B,B4.0,4.037000000e-07,3
2011-07-22,447,2,B,B7.9,7.910000000e-07,5
2011-07-23,448,2,B,B7.6,7.624000000e-07,5
2011-07-24,449,3,C,C1.0,1.045000000e-06,2
2011-07-25,450,3,C,C1.0,1.018000000e-06,6
2011-07-26,451,3,C,C5.4,5.487000000e-06,14
2011-07-27,452,4,M,M1.6,1.656000000e-05,26
2011-07-28,453,3,C,C7.6,7.673000000e-06,20
2011-07-29,454,3,C,C9.0,9.080000000e-06,20
2011-07-30,455,5,X,X1.3,1.340000000e-04,10
2011-07-31,456,3,C,C5.4,5.441000000e-06,15
2011-08-01,457,3,C,C5.7,5.730000000e-06,20
2011-08-02,458,4,M,M2.1,2.133000000e-05,16
2011-08-03,459,4,M,M8.7,8.711000000e-05,17
2011-08-04,460,5,X,X1.3,1.336000000e-04,22
2011-08-05,461,3,C,C2.8,2.884000000e-06,17
2011-08-06,462,3,C,C5.9,5.984000000e-06,14
2011-08-07,463,3,C,C3.0,3.084000000e-06,16
2011-08-08,464,4,M,M5.0,5.047000000e-05,18
2011-08-09,465,5,X,X10.0,1.010000000e-03,12
2011-08-10,466,3,C,C8.7,8.774000000e-06,16
2011-08-11,467,3,C,C8.9,8.915000000e-06,10
2011-08-12,468,2,B,B2.4,2.496000000e-07,1
2011-08-13,469,2,B,B2.1,2.134000000e-07,1
2011-08-14,470,3,C,C1.2,1.291000000e-06,2
2011-08-15,471,3,C,C4.8,4.863000000e-06,11
2011-08-16,472,2,B,B8.9,8.985000000e-07,7
2011-08-17,473,3,C,C4.8,4.881000000e-06,12
2011-08-18,474,3,C,C2.3,2.322000000e-06,11
2011-08-19,475,0,none,,,0
2011-08-20,476,3,C,C4.2,4.259000000e-06,14
2011-08-21,477,3,C,C2.1,2.180000000e-06,20
2011-08-22,478,3,C,C1.6,1.611000000e-06,17
2011-08-23,479,2,B,B8.0,8.012000000e-07,8
2011-08-24,480,3,C,C1.1,1.149000000e-06,10
2011-08-25,481,3,C,C1.3,1.358000000e-06,10
2011-08-26,482,3,C,C3.3,3.373000000e-06,17
2011-08-27,483,3,C,C1.2,1.238000000e-06,2
2011-08-28,484,2,B,B7.6,7.672000000e-07,5
2011-08-29,485,3,C,C5.3,5.311000000e-06,14
2011-08-30,486,3,C,C7.8,7.877000000e-06,13
2011-08-31,487,3,C,C3.2,3.255000000e-06,11
2011-09-01,488,3,C,C2.9,2.932000000e-06,10
2011-09-02,489,3,C,C2.6,2.694000000e-06,10
2011-09-03,490,3,C,C3.6,3.654000000e-06,14
2011-09-04,491,4,M,M4.6,4.652000000e-05,12
2011-09-05,492,4,M,M2.3,2.321000000e-05,14
2011-09-06,493,5,X,X3.0,3.027000000e-04,8
2011-09-07,494,5,X,X2.5,2.599000000e-04,9
2011-09-08,495,4,M,M9.6,9.611000000e-05,8
2011-09-09,496,4,M,M1.7,1.784000000e-05,13
2011-09-10,497,4,M,M1.5,1.593000000e-05,6
2011-09-11,498,3,C,C9.5,9.505000000e-06,8
2011-09-12,499,4,M,M1.4,1.429000000e-05,9
2011-09-13,500,3,C,C4.1,4.156000000e-06,8
2011-09-14,501,4,M,M1.3,1.323000000e-05,15
2011-09-15,502,3,C,C6.6,6.614000000e-06,15
2011-09-16,503,4,M,M1.3,1.337000000e-05,16
2011-09-17,504,3,C,C2.0,2.068000000e-06,4
2011-09-18,505,3,C,C4.2,4.236000000e-06,6
2011-09-19,506,3,C,C9.9,9.961000000e-06,7
2011-09-20,507,3,C,C4.3,4.378000000e-06,9
2011-09-21,508,4,M,M2.6,2.678000000e-05,9
2011-09-22,509,5,X,X2.1,2.136000000e-04,12
2011-09-23,510,4,M,M2.8,2.852000000e-05,16
2011-09-24,511,5,X,X2.7,2.736000000e-04,18
2011-09-25,512,5,X,X1.0,1.071000000e-04,16
2011-09-26,513,4,M,M3.7,3.771000000e-05,13
2011-09-27,514,3,C,C9.2,9.224000000e-06,11
2011-09-28,515,4,M,M1.7,1.723000000e-05,10
2011-09-29,516,3,C,C3.8,3.887000000e-06,6
2011-09-30,517,4,M,M1.4,1.462000000e-05,14
2011-10-01,518,4,M,M1.8,1.827000000e-05,7
2011-10-02,519,4,M,M5.6,5.638000000e-05,11
2011-10-03,520,3,C,C3.0,3.038000000e-06,5
2011-10-04,521,4,M,M1.0,1.053000000e-05,4
2011-10-05,522,4,M,M1.3,1.332000000e-05,9
2011-10-06,523,3,C,C2.7,2.751000000e-06,6
2011-10-07,524,3,C,C3.8,3.810000000e-06,10
2011-10-08,525,3,C,C1.6,1.603000000e-06,3
2011-10-09,526,3,C,C2.4,2.431000000e-06,4
2011-10-10,527,3,C,C6.4,6.438000000e-06,14
2011-10-11,528,3,C,C1.5,1.568000000e-06,8
2011-10-12,529,3,C,C7.6,7.699000000e-06,15
2011-10-13,530,3,C,C3.2,3.226000000e-06,12
2011-10-14,531,3,C,C1.9,1.962000000e-06,13
2011-10-15,532,3,C,C7.2,7.253000000e-06,17
2011-10-16,533,3,C,C9.0,9.072000000e-06,13
2011-10-17,534,3,C,C3.0,3.067000000e-06,4
2011-10-18,535,3,C,C2.8,2.856000000e-06,2
2011-10-19,536,3,C,C7.8,7.881000000e-06,10
2011-10-20,537,4,M,M2.3,2.354000000e-05,2
2011-10-21,538,4,M,M1.8,1.866000000e-05,6
2011-10-22,539,4,M,M1.8,1.887000000e-05,6
2011-10-23,540,3,C,C3.6,3.625000000e-06,5
2011-10-24,541,3,C,C1.3,1.351000000e-06,1
2011-10-25,542,3,C,C2.5,2.564000000e-06,4
2011-10-26,543,0,none,,,0
2011-10-27,544,3,C,C3.7,3.714000000e-06,5
2011-10-28,545,3,C,C2.4,2.457000000e-06,8
2011-10-29,546,3,C,C4.3,4.356000000e-06,5
2011-10-30,547,3,C,C3.5,3.535000000e-06,11
2011-10-31,548,4,M,M2.0,2.035000000e-05,9
2011-11-01,549,3,C,C6.8,6.847000000e-06,14
2011-11-02,550,4,M,M6.2,6.208000000e-05,14
2011-11-03,551,5,X,X2.8,2.851000000e-04,20
2011-11-04,552,4,M,M1.4,1.447000000e-05,11
2011-11-05,553,4,M,M5.4,5.444000000e-05,7
2011-11-06,554,4,M,M2.0,2.056000000e-05,15
2011-11-07,555,3,C,C5.1,5.134000000e-06,6
2011-11-08,556,3,C,C2.6,2.603000000e-06,2
2011-11-09,557,4,M,M1.6,1.657000000e-05,3
2011-11-10,558,3,C,C8.7,8.717000000e-06,8
2011-11-11,559,3,C,C7.8,7.840000000e-06,7
2011-11-12,560,3,C,C3.6,3.672000000e-06,6
2011-11-13,561,3,C,C3.7,3.747000000e-06,10
2011-11-14,562,3,C,C7.5,7.567000000e-06,5
2011-11-15,563,4,M,M2.8,2.814000000e-05,14
2011-11-16,564,4,M,M1.1,1.136000000e-05,15
2011-11-17,565,3,C,C8.6,8.608000000e-06,22
2011-11-18,566,3,C,C3.9,3.933000000e-06,8
2011-11-19,567,3,C,C6.5,6.573000000e-06,9
2011-11-20,568,3,C,C8.7,8.756000000e-06,15
2011-11-21,569,3,C,C4.4,4.448000000e-06,12
2011-11-22,570,3,C,C7.0,7.096000000e-06,14
2011-11-23,571,3,C,C3.7,3.782000000e-06,15
2011-11-24,572,3,C,C2.8,2.808000000e-06,6
2011-11-25,573,3,C,C4.7,4.739000000e-06,7
2011-11-26,574,3,C,C1.9,1.900000000e-06,4
2011-11-27,575,3,C,C1.9,1.986000000e-06,6
2011-11-28,576,3,C,C4.6,4.635000000e-06,14
2011-11-29,577,3,C,C3.5,3.597000000e-06,9
2011-11-30,578,3,C,C5.4,5.446000000e-06,10
2011-12-01,579,3,C,C2.8,2.838000000e-06,4
2011-12-02,580,3,C,C2.4,2.480000000e-06,6
2011-12-03,581,3,C,C1.9,1.906000000e-06,6
2011-12-04,582,3,C,C6.9,6.948000000e-06,5
2011-12-05,583,3,C,C9.9,9.977000000e-06,15
2011-12-06,584,3,C,C1.1,1.168000000e-06,1
2011-12-07,585,3,C,C3.9,3.953000000e-06,7
2011-12-08,586,3,C,C1.7,1.722000000e-06,4
2011-12-09,587,3,C,C4.5,4.528000000e-06,6
2011-12-10,588,3,C,C2.3,2.321000000e-06,5
2011-12-11,589,3,C,C1.3,1.379000000e-06,3
2011-12-12,590,3,C,C2.5,2.503000000e-06,6
2011-12-13,591,3,C,C6.9,6.900000000e-06,10
2011-12-14,592,4,M,M1.0,1.069000000e-05,21
2011-12-15,593,3,C,C1.9,1.978000000e-06,3
2011-12-16,594,2,B,B7.0,7.083000000e-07,4
2011-12-17,595,3,C,C4.6,4.636000000e-06,4
2011-12-18,596,3,C,C2.8,2.804000000e-06,9
2011-12-19,597,3,C,C1.1,1.151000000e-06,3
2011-12-20,598,3,C,C8.9,8.922000000e-06,11
2011-12-21,599,3,C,C6.1,6.174000000e-06,20
2011-12-22,600,3,C,C7.8,7.852000000e-06,6
2011-12-23,601,3,C,C5.0,5.002000000e-06,7
2011-12-24,602,3,C,C7.4,7.463000000e-06,6
2011-12-25,603,4,M,M5.7,5.772000000e-05,8
2011-12-26,604,4,M,M3.4,3.430000000e-05,8
2011-12-27,605,4,M,M1.2,1.285000000e-05,19
2011-12-28,606,4,M,M1.0,1.032000000e-05,22
2011-12-29,607,4,M,M2.9,2.995000000e-05,21
2011-12-30,608,4,M,M1.8,1.814000000e-05,17
2011-12-31,609,4,M,M3.5,3.513000000e-05,4
2012-01-01,610,3,C,C4.6,4.693000000e-06,6
2012-01-02,611,3,C,C3.4,3.438000000e-06,10
2012-01-03,612,3,C,C1.2,1.231000000e-06,5
2012-01-04,613,3,C,C2.1,2.179000000e-06,5
2012-01-05,614,3,C,C3.1,3.118000000e-06,3
2012-01-06,615,3,C,C3.8,3.808000000e-06,9
2012-01-07,616,3,C,C2.2,2.282000000e-06,8
2012-01-08,617,3,C,C7.0,7.085000000e-06,9
2012-01-09,618,3,C,C3.8,3.818000000e-06,4
2012-01-10,619,3,C,C3.1,3.146000000e-06,11
2012-01-11,620,3,C,C5.3,5.359000000e-06,13
2012-01-12,621,3,C,C4.7,4.760000000e-06,4
2012-01-13,622,3,C,C3.1,3.180000000e-06,3
2012-01-14,623,4,M,M2.1,2.114000000e-05,8
2012-01-15,624,3,C,C3.2,3.296000000e-06,9
2012-01-16,625,3,C,C8.0,8.004000000e-06,7
2012-01-17,626,4,M,M1.5,1.549000000e-05,6
2012-01-18,627,4,M,M2.4,2.498000000e-05,9
2012-01-19,628,4,M,M4.6,4.617000000e-05,5
2012-01-20,629,3,C,C1.9,1.969000000e-06,3
2012-01-21,630,3,C,C3.4,3.446000000e-06,7
2012-01-22,631,4,M,M1.0,1.028000000e-05,13
2012-01-23,632,5,X,X1.2,1.257000000e-04,5
2012-01-24,633,3,C,C3.6,3.617000000e-06,6
2012-01-25,634,3,C,C2.2,2.213000000e-06,6
2012-01-26,635,4,M,M1.1,1.138000000e-05,6
2012-01-27,636,5,X,X2.5,2.573000000e-04,11
2012-01-28,637,3,C,C2.8,2.890000000e-06,2
2012-01-29,638,0,none,,,0
2012-01-30,639,3,C,C1.8,1.884000000e-06,4
2012-01-31,640,3,C,C1.4,1.406000000e-06,4
2012-02-01,641,3,C,C1.4,1.421000000e-06,4
2012-02-02,642,3,C,C1.2,1.262000000e-06,5
2012-02-03,643,3,C,C1.0,1.047000000e-06,2
2012-02-04,644,0,none,,,0
2012-02-05,645,2,B,B5.6,5.677000000e-07,5
2012-02-06,646,4,M,M1.4,1.468000000e-05,20
2012-02-07,647,3,C,C9.7,9.729000000e-06,13
2012-02-08,648,3,C,C4.1,4.156000000e-06,9
2012-02-09,649,3,C,C1.6,1.626000000e-06,8
2012-02-10,650,3,C,C1.5,1.584000000e-06,10
2012-02-11,651,4,M,M1.1,1.141000000e-05,18
2012-02-12,652,3,C,C5.6,5.654000000e-06,14
2012-02-13,653,2,B,B7.8,7.810000000e-07,4
2012-02-14,654,2,B,B7.5,7.508000000e-07,4
2012-02-15,655,2,B,B5.5,5.571000000e-07,2
2012-02-16,656,0,none,,,0
2012-02-17,657,2,B,B3.7,3.705000000e-07,2
2012-02-18,658,2,B,B5.5,5.575000000e-07,2
2012-02-19,659,3,C,C1.4,1.483000000e-06,7
2012-02-20,660,3,C,C5.8,5.873000000e-06,9
2012-02-21,661,3,C,C1.4,1.471000000e-06,4
2012-02-22,662,2,B,B5.3,5.303000000e-07,4
2012-02-23,663,2,B,B6.5,6.537000000e-07,2
2012-02-24,664,2,B,B8.9,8.979000000e-07,4
2012-02-25,665,2,B,B6.9,6.922000000e-07,5
2012-02-26,666,3,C,C3.3,3.305000000e-06,5
2012-02-27,667,3,C,C1.4,1.409000000e-06,1
2012-02-28,668,2,B,B9.4,9.420000000e-07,4
2012-02-29,669,3,C,C1.3,1.306000000e-06,10
2012-03-01,670,3,C,C4.8,4.853000000e-06,5
2012-03-02,671,4,M,M4.8,4.854000000e-05,7
2012-03-03,672,3,C,C4.0,4.017000000e-06,13
2012-03-04,673,4,M,M2.9,2.905000000e-05,14
2012-03-05,674,5,X,X1.6,1.636000000e-04,22
2012-03-06,675,5,X,X7.7,7.792000000e-04,29
2012-03-07,676,4,M,M1.1,1.194000000e-05,4
2012-03-08,677,4,M,M1.0,1.051000000e-05,8
2012-03-09,678,4,M,M9.1,9.146000000e-05,15
2012-03-10,679,5,X,X1.2,1.219000000e-04,18
2012-03-11,680,3,C,C1.3,1.358000000e-06,1
2012-03-12,681,3,C,C3.3,3.377000000e-06,9
2012-03-13,682,5,X,X1.1,1.143000000e-04,8
2012-03-14,683,4,M,M4.0,4.028000000e-05,4
2012-03-15,684,4,M,M2.6,2.651000000e-05,10
2012-03-16,685,3,C,C2.6,2.635000000e-06,11
2012-03-17,686,4,M,M2.0,2.004000000e-05,10
2012-03-18,687,3,C,C2.7,2.728000000e-06,9
2012-03-19,688,3,C,C5.0,5.061000000e-06,13
2012-03-20,689,3,C,C1.5,1.587000000e-06,6
2012-03-21,690,0,none,,,0
2012-03-22,691,0,none,,,0
2012-03-23,692,4,M,M1.4,1.476000000e-05,5
2012-03-24,693,2,B,B5.0,5.097000000e-07,2
2012-03-25,694,3,C,C4.3,4.328000000e-06,5
2012-03-26,695,3,C,C3.8,3.875000000e-06,11
2012-03-27,696,3,C,C7.7,7.708000000e-06,10
2012-03-28,697,3,C,C2.1,2.126000000e-06,4
2012-03-29,698,3,C,C7.1,7.162000000e-06,9
2012-03-30,699,3,C,C1.8,1.832000000e-06,5
2012-03-31,700,3,C,C1.2,1.261000000e-06,1
2012-04-01,701,2,B,B6.2,6.296000000e-07,6
2012-04-02,702,3,C,C1.1,1.121000000e-06,6
2012-04-03,703,2,B,B6.0,6.028000000e-07,4
2012-04-04,704,3,C,C1.8,1.801000000e-06,7
2012-04-05,705,3,C,C4.4,4.445000000e-06,11
2012-04-06,706,2,B,B7.9,7.972000000e-07,5
2012-04-07,707,3,C,C3.5,3.549000000e-06,7
2012-04-08,708,3,C,C1.0,1.017000000e-06,18
2012-04-09,709,3,C,C5.6,5.659000000e-06,4
2012-04-10,710,2,B,B9.2,9.202000000e-07,5
2012-04-11,711,2,B,B3.6,3.691000000e-07,4
2012-04-12,712,2,B,B7.1,7.124000000e-07,7
2012-04-13,713,2,B,B7.8,7.850000000e-07,7
2012-04-14,714,3,C,C1.3,1.394000000e-06,4
2012-04-15,715,3,C,C3.8,3.856000000e-06,4
2012-04-16,716,4,M,M2.5,2.537000000e-05,4
2012-04-17,717,3,C,C1.3,1.377000000e-06,8
2012-04-18,718,4,M,M1.2,1.282000000e-05,20
2012-04-19,719,4,M,M1.0,1.009000000e-05,11
2012-04-20,720,3,C,C4.8,4.861000000e-06,12
2012-04-21,721,3,C,C3.5,3.511000000e-06,7
2012-04-22,722,3,C,C3.4,3.450000000e-06,13
2012-04-23,723,3,C,C2.9,2.962000000e-06,11
2012-04-24,724,3,C,C5.3,5.347000000e-06,8
2012-04-25,725,3,C,C5.3,5.334000000e-06,7
2012-04-26,726,3,C,C2.6,2.691000000e-06,4
2012-04-27,727,4,M,M1.5,1.567000000e-05,16
2012-04-28,728,3,C,C2.4,2.449000000e-06,10
2012-04-29,729,3,C,C2.5,2.545000000e-06,6
2012-04-30,730,3,C,C8.6,8.678000000e-06,10
2012-05-01,731,3,C,C5.7,5.713000000e-06,11
2012-05-02,732,3,C,C4.6,4.653000000e-06,9
2012-05-03,733,3,C,C3.3,3.325000000e-06,7
2012-05-04,734,3,C,C3.3,3.305000000e-06,15
2012-05-05,735,4,M,M2.0,2.047000000e-05,26
2012-05-06,736,4,M,M1.9,1.964000000e-05,21
2012-05-07,737,4,M,M2.7,2.771000000e-05,16
2012-05-08,738,4,M,M2.1,2.111000000e-05,12
2012-05-09,739,4,M,M6.8,6.807000000e-05,29
2012-05-10,740,4,M,M8.2,8.246000000e-05,32
2012-05-11,741,3,C,C8.7,8.794000000e-06,32
2012-05-12,742,3,C,C3.5,3.575000000e-06,13
2012-05-13,743,4,M,M1.0,1.013000000e-05,7
2012-05-14,744,3,C,C5.8,5.860000000e-06,18
2012-05-15,745,3,C,C4.3,4.398000000e-06,9
2012-05-16,746,3,C,C3.7,3.701000000e-06,4
2012-05-17,747,4,M,M7.3,7.315000000e-05,5
2012-05-18,748,3,C,C5.1,5.193000000e-06,12
2012-05-19,749,3,C,C1.6,1.605000000e-06,4
2012-05-20,750,3,C,C1.1,1.102000000e-06,3
2012-05-21,751,2,B,B8.7,8.707000000e-07,5
2012-05-22,752,2,B,B8.3,8.346000000e-07,6
2012-05-23,753,3,C,C1.7,1.790000000e-06,12
2012-05-24,754,3,C,C1.9,1.969000000e-06,8
2012-05-25,755,3,C,C2.9,2.952000000e-06,11
2012-05-26,756,3,C,C3.9,3.929000000e-06,13
2012-05-27,757,3,C,C4.4,4.459000000e-06,5
2012-05-28,758,3,C,C1.0,1.052000000e-06,5
2012-05-29,759,2,B,B5.6,5.624000000e-07,4
2012-05-30,760,3,C,C1.5,1.530000000e-06,5
2012-05-31,761,3,C,C3.6,3.684000000e-06,18
2012-06-01,762,3,C,C4.8,4.847000000e-06,6
2012-06-02,763,3,C,C3.2,3.239000000e-06,2
2012-06-03,764,4,M,M4.7,4.793000000e-05,5
2012-06-04,765,3,C,C1.6,1.671000000e-06,4
2012-06-05,766,3,C,C6.1,6.145000000e-06,9
2012-06-06,767,4,M,M3.1,3.130000000e-05,9
2012-06-07,768,4,M,M1.3,1.311000000e-05,12
2012-06-08,769,4,M,M1.1,1.107000000e-05,6
2012-06-09,770,4,M,M2.8,2.826000000e-05,11
2012-06-10,771,4,M,M1.9,1.952000000e-05,13
2012-06-11,772,3,C,C2.2,2.225000000e-06,12
2012-06-12,773,3,C,C3.0,3.073000000e-06,16
2012-06-13,774,4,M,M1.7,1.778000000e-05,11
2012-06-14,775,4,M,M2.7,2.751000000e-05,13
2012-06-15,776,3,C,C4.9,4.963000000e-06,7
2012-06-16,777,3,C,C3.4,3.495000000e-06,18
2012-06-17,778,3,C,C5.6,5.644000000e-06,8
2012-06-18,779,3,C,C2.3,2.317000000e-06,5
2012-06-19,780,3,C,C1.7,1.779000000e-06,2
2012-06-20,781,3,C,C4.4,4.486000000e-06,8
2012-06-21,782,2,B,B5.6,5.631000000e-07,1
2012-06-22,783,0,none,,,0
2012-06-23,784,3,C,C3.9,3.933000000e-06,2
2012-06-24,785,2,B,B2.7,2.738000000e-07,2
2012-06-25,786,3,C,C2.0,2.001000000e-06,10
2012-06-26,787,3,C,C1.9,1.971000000e-06,10
2012-06-27,788,3,C,C4.9,4.974000000e-06,12
2012-06-28,789,4,M,M3.5,3.520000000e-05,17
2012-06-29,790,4,M,M3.2,3.216000000e-05,18
2012-06-30,791,4,M,M2.3,2.306000000e-05,14
2012-07-01,792,4,M,M4.1,4.150000000e-05,21
2012-07-02,793,4,M,M8.0,8.080000000e-05,31
2012-07-03,794,4,M,M1.4,1.427000000e-05,17
2012-07-04,795,4,M,M7.6,7.671000000e-05,27
2012-07-05,796,4,M,M8.8,8.899000000e-05,28
2012-07-06,797,5,X,X1.6,1.615000000e-04,28
2012-07-07,798,4,M,M3.7,3.769000000e-05,20
2012-07-08,799,4,M,M9.9,9.934000000e-05,20
2012-07-09,800,4,M,M1.6,1.625000000e-05,10
2012-07-10,801,4,M,M3.0,3.008000000e-05,17
2012-07-11,802,4,M,M1.4,1.418000000e-05,9
2012-07-12,803,5,X,X2.0,2.040000000e-04,6
2012-07-13,804,3,C,C3.4,3.497000000e-06,10
2012-07-14,805,4,M,M1.4,1.480000000e-05,11
2012-07-15,806,3,C,C5.5,5.502000000e-06,8
2012-07-16,807,3,C,C9.1,9.115000000e-06,8
2012-07-17,808,3,C,C3.4,3.490000000e-06,2
2012-07-18,809,3,C,C6.5,6.570000000e-06,6
2012-07-19,810,5,X,X1.1,1.109000000e-04,6
2012-07-20,811,3,C,C1.0,1.095000000e-06,8
2012-07-21,812,3,C,C2.0,2.100000000e-06,1
2012-07-22,813,2,B,B8.5,8.574000000e-07,4
2012-07-23,814,3,C,C2.9,2.971000000e-06,8
2012-07-24,815,3,C,C6.1,6.143000000e-06,7
2012-07-25,816,3,C,C1.4,1.410000000e-06,7
2012-07-26,817,3,C,C1.9,1.956000000e-06,4
2012-07-27,818,4,M,M4.0,4.015000000e-05,13
2012-07-28,819,4,M,M8.8,8.825000000e-05,10
2012-07-29,820,4,M,M3.3,3.341000000e-05,12
2012-07-30,821,4,M,M1.6,1.667000000e-05,18
2012-07-31,822,3,C,C8.1,8.195000000e-06,16
2012-08-01,823,3,C,C3.5,3.564000000e-06,17
2012-08-02,824,3,C,C2.2,2.253000000e-06,5
2012-08-03,825,3,C,C4.3,4.303000000e-06,6
2012-08-04,826,3,C,C4.2,4.221000000e-06,6
2012-08-05,827,3,C,C2.6,2.608000000e-06,1
2012-08-06,828,4,M,M2.3,2.326000000e-05,11
2012-08-07,829,3,C,C5.8,5.897000000e-06,13
2012-08-08,830,3,C,C7.1,7.119000000e-06,11
2012-08-09,831,4,M,M1.2,1.218000000e-05,17
2012-08-10,832,3,C,C6.0,6.074000000e-06,10
2012-08-11,833,4,M,M1.4,1.449000000e-05,9
2012-08-12,834,3,C,C1.1,1.154000000e-06,4
2012-08-13,835,3,C,C4.1,4.111000000e-06,7
2012-08-14,836,3,C,C5.0,5.013000000e-06,10
2012-08-15,837,3,C,C1.2,1.208000000e-06,3
2012-08-16,838,3,C,C5.1,5.167000000e-06,6
2012-08-17,839,4,M,M3.4,3.458000000e-05,15
2012-08-18,840,4,M,M7.9,7.989000000e-05,29
2012-08-19,841,3,C,C3.3,3.347000000e-06,18
2012-08-20,842,2,B,B9.5,9.536000000e-07,6
2012-08-21,843,2,B,B7.0,7.040000000e-07,3
2012-08-22,844,2,B,B9.8,9.849000000e-07,9
2012-08-23,845,2,B,B4.3,4.388000000e-07,4
2012-08-24,846,2,B,B4.6,4.626000000e-07,4
2012-08-25,847,3,C,C2.4,2.482000000e-06,1
2012-08-26,848,3,C,C1.2,1.249000000e-06,2
2012-08-27,849,3,C,C1.4,1.400000000e-06,10
2012-08-28,850,3,C,C1.3,1.357000000e-06,11
2012-08-29,851,3,C,C5.8,5.827000000e-06,8
2012-08-30,852,4,M,M1.9,1.960000000e-05,22
2012-08-31,853,4,M,M1.2,1.215000000e-05,15
2012-09-01,854,3,C,C4.9,4.986000000e-06,14
2012-09-02,855,3,C,C7.9,7.967000000e-06,7
2012-09-03,856,3,C,C5.7,5.780000000e-06,18
2012-09-04,857,3,C,C3.9,3.921000000e-06,7
2012-09-05,858,4,M,M1.0,1.039000000e-05,9
2012-09-06,859,4,M,M2.3,2.374000000e-05,13
2012-09-07,860,3,C,C5.3,5.360000000e-06,11
2012-09-08,861,4,M,M2.1,2.114000000e-05,6
2012-09-09,862,4,M,M1.8,1.816000000e-05,6
2012-09-10,863,3,C,C8.6,8.636000000e-06,8
2012-09-11,864,3,C,C5.9,5.969000000e-06,7
2012-09-12,865,3,C,C2.1,2.158000000e-06,11
2012-09-13,866,3,C,C2.8,2.825000000e-06,11
2012-09-14,867,2,B,B5.5,5.537000000e-07,4
2012-09-15,868,3,C,C1.3,1.367000000e-06,10
2012-09-16,869,2,B,B4.6,4.624000000e-07,2
2012-09-17,870,3,C,C3.0,3.082000000e-06,7
2012-09-18,871,3,C,C1.9,1.993000000e-06,7
2012-09-19,872,3,C,C3.7,3.751000000e-06,6
2012-09-20,873,3,C,C1.4,1.500000000e-06,6
2012-09-21,874,3,C,C1.2,1.240000000e-06,3
2012-09-22,875,0,none,,,0
2012-09-23,876,3,C,C1.3,1.364000000e-06,2
2012-09-24,877,3,C,C2.7,2.784000000e-06,6
2012-09-25,878,3,C,C6.4,6.486000000e-06,10
2012-09-26,879,3,C,C1.7,1.712000000e-06,7
2012-09-27,880,3,C,C6.3,6.381000000e-06,3
2012-09-28,881,3,C,C1.2,1.273000000e-06,2
2012-09-29,882,3,C,C2.7,2.780000000e-06,11
2012-09-30,883,4,M,M1.9,1.966000000e-05,20
2012-10-01,884,3,C,C6.9,6.992000000e-06,12
2012-10-02,885,3,C,C2.4,2.417000000e-06,8
2012-10-03,886,2,B,B6.1,6.134000000e-07,8
2012-10-04,887,2,B,B8.5,8.575000000e-07,4
2012-10-05,888,2,B,B4.2,4.219000000e-07,1
2012-10-06,889,2,B,B7.5,7.532000000e-07,6
2012-10-07,890,3,C,C1.7,1.768000000e-06,3
2012-10-08,891,4,M,M3.3,3.350000000e-05,14
2012-10-09,892,4,M,M2.4,2.484000000e-05,18
2012-10-10,893,4,M,M1.4,1.454000000e-05,21
2012-10-11,894,3,C,C6.7,6.724000000e-06,7
2012-10-12,895,4,M,M1.3,1.303000000e-05,8
2012-10-13,896,3,C,C2.1,2.198000000e-06,1
2012-10-14,897,3,C,C6.9,6.962000000e-06,10
2012-10-15,898,3,C,C6.3,6.301000000e-06,12
2012-10-16,899,3,C,C4.7,4.723000000e-06,5
2012-10-17,900,4,M,M1.0,1.065000000e-05,13
2012-10-18,901,3,C,C2.0,2.050000000e-06,2
2012-10-19,902,3,C,C5.2,5.253000000e-06,10
2012-10-20,903,5,X,X1.3,1.302000000e-04,6
2012-10-21,904,4,M,M1.9,1.971000000e-05,12
2012-10-22,905,4,M,M7.2,7.262000000e-05,9
2012-10-23,906,5,X,X2.3,2.371000000e-04,11
2012-10-24,907,3,C,C6.0,6.037000000e-06,14
2012-10-25,908,3,C,C3.6,3.612000000e-06,8
2012-10-26,909,3,C,C2.5,2.570000000e-06,12
2012-10-27,910,3,C,C1.5,1.536000000e-06,6
2012-10-28,911,2,B,B8.8,8.885000000e-07,1
2012-10-29,912,2,B,B9.2,9.235000000e-07,1
2012-10-30,913,3,C,C1.1,1.142000000e-06,4
2012-10-31,914,3,C,C1.6,1.648000000e-06,8
2012-11-01,915,2,B,B9.4,9.421000000e-07,6
2012-11-02,916,2,B,B9.2,9.246000000e-07,8
2012-11-03,917,2,B,B4.3,4.348000000e-07,4
2012-11-04,918,2,B,B3.1,3.199000000e-07,4
2012-11-05,919,3,C,C3.2,3.237000000e-06,6
2012-11-06,920,3,C,C1.0,1.024000000e-06,6
2012-11-07,921,2,B,B8.7,8.729000000e-07,8
2012-11-08,922,4,M,M2.4,2.462000000e-05,4
2012-11-09,923,2,B,B9.4,9.421000000e-07,1
2012-11-10,924,3,C,C2.8,2.857000000e-06,11
2012-11-11,925,4,M,M1.4,1.483000000e-05,11
2012-11-12,926,4,M,M2.9,2.911000000e-05,16
2012-11-13,927,4,M,M8.6,8.686000000e-05,19
2012-11-14,928,4,M,M1.5,1.579000000e-05,11
2012-11-15,929,3,C,C8.9,8.929000000e-06,9
2012-11-16,930,4,M,M1.1,1.191000000e-05,5
2012-11-17,931,3,C,C3.9,3.923000000e-06,8
2012-11-18,932,3,C,C8.0,8.046000000e-06,15
2012-11-19,933,3,C,C9.9,9.992000000e-06,9
2012-11-20,934,4,M,M2.5,2.551000000e-05,15
2012-11-21,935,4,M,M5.0,5.075000000e-05,14
2012-11-22,936,3,C,C1.3,1.352000000e-06,6
2012-11-23,937,3,C,C3.6,3.627000000e-06,7
2012-11-24,938,3,C,C4.7,4.788000000e-06,5
2012-11-25,939,3,C,C2.5,2.574000000e-06,8
2012-11-26,940,3,C,C3.4,3.402000000e-06,21
2012-11-27,941,4,M,M2.3,2.321000000e-05,24
2012-11-28,942,4,M,M3.2,3.221000000e-05,21
2012-11-29,943,3,C,C8.4,8.404000000e-06,24
2012-11-30,944,3,C,C7.7,7.775000000e-06,17
2012-12-01,945,3,C,C2.8,2.818000000e-06,14
2012-12-02,946,2,B,B6.3,6.342000000e-07,4
2012-12-03,947,3,C,C1.6,1.687000000e-06,10
2012-12-04,948,2,B,B9.9,9.961000000e-07,9
2012-12-05,949,3,C,C2.5,2.531000000e-06,5
2012-12-06,950,2,B,B9.1,9.113000000e-07,6
2012-12-07,951,3,C,C5.7,5.706000000e-06,5
2012-12-08,952,3,C,C1.3,1.358000000e-06,18
2012-12-09,953,3,C,C2.0,2.070000000e-06,20
2012-12-10,954,3,C,C7.9,7.927000000e-06,6
2012-12-11,955,2,B,B8.1,8.115000000e-07,8
2012-12-12,956,3,C,C8.2,8.214000000e-06,11
2012-12-13,957,3,C,C1.7,1.723000000e-06,3
2012-12-14,958,3,C,C1.5,1.525000000e-06,5
2012-12-15,959,3,C,C1.8,1.820000000e-06,9
2012-12-16,960,3,C,C1.5,1.502000000e-06,9
2012-12-17,961,3,C,C1.8,1.892000000e-06,13
2012-12-18,962,3,C,C1.9,1.993000000e-06,8
2012-12-19,963,2,B,B8.2,8.257000000e-07,3
2012-12-20,964,2,B,B6.8,6.864000000e-07,4
2012-12-21,965,3,C,C2.8,2.804000000e-06,11
2012-12-22,966,3,C,C2.7,2.763000000e-06,12
2012-12-23,967,3,C,C2.2,2.258000000e-06,12
2012-12-24,968,3,C,C2.4,2.434000000e-06,6
2012-12-25,969,3,C,C5.8,5.899000000e-06,14
2012-12-26,970,3,C,C5.6,5.658000000e-06,19
2012-12-27,971,3,C,C2.3,2.340000000e-06,10
2012-12-28,972,2,B,B5.2,5.223000000e-07,3
2012-12-29,973,3,C,C2.1,2.166000000e-06,4
2012-12-30,974,3,C,C1.0,1.004000000e-06,5
2012-12-31,975,3,C,C1.2,1.263000000e-06,4
2013-01-01,976,3,C,C1.7,1.724000000e-06,7
2013-01-02,977,2,B,B7.8,7.871000000e-07,1
2013-01-03,978,3,C,C2.4,2.440000000e-06,9
2013-01-04,979,3,C,C3.1,3.184000000e-06,5
2013-01-05,980,4,M,M2.5,2.580000000e-05,13
2013-01-06,981,3,C,C4.4,4.408000000e-06,5
2013-01-07,982,3,C,C4.5,4.504000000e-06,13
2013-01-08,983,3,C,C5.7,5.779000000e-06,8
2013-01-09,984,3,C,C3.6,3.615000000e-06,4
2013-01-10,985,4,M,M1.1,1.156000000e-05,10
2013-01-11,986,4,M,M1.7,1.740000000e-05,16
2013-01-12,987,3,C,C7.6,7.659000000e-06,15
2013-01-13,988,4,M,M2.4,2.471000000e-05,16
2013-01-14,989,3,C,C9.2,9.288000000e-06,7
2013-01-15,990,3,C,C3.1,3.154000000e-06,8
2013-01-16,991,3,C,C3.2,3.249000000e-06,6
2013-01-17,992,3,C,C1.0,1.090000000e-06,5
2013-01-18,993,3,C,C8.3,8.312000000e-06,13
2013-01-19,994,3,C,C1.6,1.656000000e-06,6
2013-01-20,995,3,C,C1.6,1.648000000e-06,8
2013-01-21,996,2,B,B7.8,7.814000000e-07,2
2013-01-22,997,3,C,C1.0,1.089000000e-06,6
2013-01-23,998,2,B,B9.1,9.129000000e-07,5
2013-01-24,999,2,B,B9.3,9.378000000e-07,1
2013-01-25,1000,2,B,B8.2,8.286000000e-07,7
2013-01-26,1001,3,C,C1.0,1.003000000e-06,3
2013-01-27,1002,0,none,,,0
2013-01-28,1003,3,C,C1.5,1.560000000e-06,8
2013-01-29,1004,2,B,B2.4,2.452000000e-07,6
2013-01-30,1005,2,B,B3.0,3.096000000e-07,3
2013-01-31,1006,3,C,C1.5,1.572000000e-06,8
2013-02-01,1007,2,B,B9.7,9.771000000e-07,7
2013-02-02,1008,3,C,C4.2,4.249000000e-06,4
2013-02-03,1009,4,M,M1.2,1.214000000e-05,11
2013-02-04,1010,3,C,C2.9,2.918000000e-06,7
2013-02-05,1011,4,M,M1.2,1.260000000e-05,4
2013-02-06,1012,3,C,C1.4,1.431000000e-06,2
2013-02-07,1013,2,B,B9.3,9.311000000e-07,3
2013-02-08,1014,2,B,B6.5,6.510000000e-07,6
2013-02-09,1015,3,C,C3.4,3.425000000e-06,4
2013-02-10,1016,2,B,B3.7,3.758000000e-07,1
2013-02-11,1017,2,B,B8.0,8.097000000e-07,4
2013-02-12,1018,3,C,C2.1,2.144000000e-06,3
2013-02-13,1019,3,C,C1.1,1.135000000e-06,5
2013-02-14,1020,3,C,C1.4,1.464000000e-06,5
2013-02-15,1021,2,B,B7.1,7.165000000e-07,4
2013-02-16,1022,2,B,B7.4,7.466000000e-07,8
2013-02-17,1023,4,M,M2.9,2.903000000e-05,12
2013-02-18,1024,3,C,C1.4,1.415000000e-06,4
2013-02-19,1025,3,C,C3.1,3.109000000e-06,5
2013-02-20,1026,4,M,M1.1,1.195000000e-05,13
2013-02-21,1027,3,C,C3.6,3.672000000e-06,9
2013-02-22,1028,3,C,C1.4,1.466000000e-06,7
2013-02-23,1029,3,C,C6.8,6.853000000e-06,10
2013-02-24,1030,3,C,C3.7,3.716000000e-06,5
2013-02-25,1031,0,none,,,0
2013-02-26,1032,2,B,B9.5,9.560000000e-07,6
2013-02-27,1033,3,C,C1.1,1.171000000e-06,2
2013-02-28,1034,3,C,C1.1,1.110000000e-06,8
2013-03-01,1035,2,B,B9.5,9.506000000e-07,7
2013-03-02,1036,3,C,C2.7,2.709000000e-06,6
2013-03-03,1037,2,B,B8.4,8.442000000e-07,3
2013-03-04,1038,2,B,B6.3,6.302000000e-07,2
2013-03-05,1039,4,M,M1.7,1.784000000e-05,8
2013-03-06,1040,3,C,C1.2,1.258000000e-06,9
2013-03-07,1041,3,C,C2.1,2.123000000e-06,4
2013-03-08,1042,2,B,B9.4,9.471000000e-07,1
2013-03-09,1043,0,none,,,0
2013-03-10,1044,2,B,B9.3,9.324000000e-07,2
2013-03-11,1045,3,C,C2.4,2.404000000e-06,6
2013-03-12,1046,0,none,,,0
2013-03-13,1047,0,none,,,0
2013-03-14,1048,3,C,C3.0,3.061000000e-06,5
2013-03-15,1049,4,M,M1.7,1.751000000e-05,5
2013-03-16,1050,3,C,C3.7,3.748000000e-06,2
2013-03-17,1051,3,C,C1.5,1.548000000e-06,10
2013-03-18,1052,3,C,C4.0,4.049000000e-06,18
2013-03-19,1053,3,C,C6.1,6.168000000e-06,9
2013-03-20,1054,3,C,C7.8,7.861000000e-06,10
2013-03-21,1055,4,M,M2.3,2.316000000e-05,12
2013-03-22,1056,3,C,C4.2,4.252000000e-06,17
2013-03-23,1057,2,B,B9.5,9.548000000e-07,8
2013-03-24,1058,2,B,B3.2,3.293000000e-07,2
2013-03-25,1059,2,B,B6.1,6.127000000e-07,4
2013-03-26,1060,2,B,B3.8,3.806000000e-07,4
2013-03-27,1061,2,B,B3.4,3.433000000e-07,5
2013-03-28,1062,2,B,B7.2,7.261000000e-07,3
2013-03-29,1063,2,B,B6.6,6.693000000e-07,2
2013-03-30,1064,3,C,C1.2,1.240000000e-06,2
2013-03-31,1065,3,C,C1.1,1.141000000e-06,4
2013-04-01,1066,3,C,C1.0,1.030000000e-06,1
2013-04-02,1067,3,C,C1.3,1.348000000e-06,9
2013-04-03,1068,3,C,C2.5,2.521000000e-06,9
2013-04-04,1069,3,C,C1.7,1.780000000e-06,6
2013-04-05,1070,4,M,M3.2,3.277000000e-05,5
2013-04-06,1071,3,C,C2.5,2.524000000e-06,17
2013-04-07,1072,3,C,C4.4,4.443000000e-06,14
2013-04-08,1073,3,C,C2.3,2.338000000e-06,10
2013-04-09,1074,3,C,C3.1,3.192000000e-06,9
2013-04-10,1075,3,C,C6.0,6.070000000e-06,15
2013-04-11,1076,4,M,M9.3,9.336000000e-05,13
2013-04-12,1077,4,M,M4.7,4.793000000e-05,8
2013-04-13,1078,3,C,C2.7,2.708000000e-06,7
2013-04-14,1079,2,B,B9.7,9.753000000e-07,5
2013-04-15,1080,3,C,C1.8,1.820000000e-06,10
2013-04-16,1081,3,C,C5.0,5.019000000e-06,12
2013-04-17,1082,3,C,C1.9,1.938000000e-06,11
2013-04-18,1083,3,C,C9.3,9.334000000e-06,4
2013-04-19,1084,3,C,C1.6,1.602000000e-06,8
2013-04-20,1085,3,C,C2.2,2.289000000e-06,15
2013-04-21,1086,3,C,C6.4,6.473000000e-06,20
2013-04-22,1087,4,M,M1.4,1.426000000e-05,11
2013-04-23,1088,4,M,M1.1,1.180000000e-05,12
2013-04-24,1089,3,C,C3.6,3.672000000e-06,12
2013-04-25,1090,3,C,C8.3,8.314000000e-06,20
2013-04-26,1091,4,M,M1.0,1.011000000e-05,20
2013-04-27,1092,3,C,C7.5,7.542000000e-06,16
2013-04-28,1093,3,C,C6.3,6.321000000e-06,13
2013-04-29,1094,3,C,C8.4,8.454000000e-06,21
2013-04-30,1095,3,C,C5.1,5.180000000e-06,12
2013-05-01,1096,4,M,M1.3,1.380000000e-05,18
2013-05-02,1097,4,M,M1.6,1.610000000e-05,10
2013-05-03,1098,4,M,M8.1,8.188000000e-05,8
2013-05-04,1099,3,C,C8.0,8.040000000e-06,11
2013-05-05,1100,4,M,M2.0,2.053000000e-05,27
2013-05-06,1101,3,C,C3.4,3.459000000e-06,9
2013-05-07,1102,3,C,C2.3,2.337000000e-06,10
2013-05-08,1103,3,C,C4.1,4.186000000e-06,2
2013-05-09,1104,4,M,M1.2,1.294000000e-05,13
2013-05-10,1105,4,M,M5.6,5.668000000e-05,12
2013-05-11,1106,4,M,M1.1,1.147000000e-05,7
2013-05-12,1107,4,M,M2.7,2.758000000e-05,11
2013-05-13,1108,5,X,X4.1,4.106000000e-04,16
2013-05-14,1109,5,X,X4.6,4.639000000e-04,7
2013-05-15,1110,5,X,X1.8,1.854000000e-04,5
2013-05-16,1111,4,M,M1.8,1.881000000e-05,9
2013-05-17,1112,4,M,M4.6,4.609000000e-05,2
2013-05-18,1113,3,C,C8.6,8.603000000e-06,9
2013-05-19,1114,4,M,M1.4,1.416000000e-05,11
2013-05-20,1115,4,M,M2.5,2.534000000e-05,10
2013-05-21,1116,3,C,C4.2,4.237000000e-06,9
2013-05-22,1117,4,M,M7.2,7.238000000e-05,4
2013-05-23,1118,3,C,C5.5,5.583000000e-06,10
2013-05-24,1119,3,C,C3.5,3.575000000e-06,10
2013-05-25,1120,3,C,C3.0,3.061000000e-06,6
2013-05-26,1121,3,C,C5.4,5.442000000e-06,6
2013-05-27,1122,3,C,C1.1,1.120000000e-06,5
2013-05-28,1123,3,C,C1.3,1.336000000e-06,2
2013-05-29,1124,3,C,C4.1,4.134000000e-06,13
2013-05-30,1125,3,C,C1.3,1.304000000e-06,11
2013-05-31,1126,4,M,M1.5,1.506000000e-05,4
2013-06-01,1127,2,B,B9.0,9.011000000e-07,4
2013-06-02,1128,3,C,C2.5,2.547000000e-06,8
2013-06-03,1129,4,M,M1.3,1.368000000e-05,9
2013-06-04,1130,2,B,B7.7,7.712000000e-07,3
2013-06-05,1131,4,M,M1.8,1.867000000e-05,1
2013-06-06,1132,3,C,C1.0,1.045000000e-06,9
2013-06-07,1133,4,M,M8.5,8.562000000e-05,9
2013-06-08,1134,3,C,C3.2,3.299000000e-06,5
2013-06-09,1135,3,C,C5.3,5.359000000e-06,10
2013-06-10,1136,3,C,C2.6,2.691000000e-06,24
2013-06-11,1137,0,none,,,0
2013-06-12,1138,2,B,B5.8,5.835000000e-07,7
2013-06-13,1139,3,C,C1.5,1.579000000e-06,13
2013-06-14,1140,3,C,C1.7,1.702000000e-06,6
2013-06-15,1141,3,C,C1.4,1.418000000e-06,11
2013-06-16,1142,3,C,C1.4,1.496000000e-06,15
2013-06-17,1143,3,C,C2.5,2.505000000e-06,4
2013-06-18,1144,3,C,C3.2,3.212000000e-06,7
2013-06-19,1145,4,M,M1.2,1.210000000e-05,5
2013-06-20,1146,3,C,C2.8,2.801000000e-06,9
2013-06-21,1147,4,M,M4.1,4.180000000e-05,15
2013-06-22,1148,3,C,C2.1,2.183000000e-06,6
2013-06-23,1149,4,M,M4.2,4.201000000e-05,4
2013-06-24,1150,4,M,M1.4,1.419000000e-05,7
2013-06-25,1151,3,C,C1.5,1.503000000e-06,7
2013-06-26,1152,3,C,C2.1,2.185000000e-06,5
2013-06-27,1153,3,C,C1.7,1.794000000e-06,10
2013-06-28,1154,4,M,M1.0,1.047000000e-05,4
2013-06-29,1155,3,C,C1.6,1.602000000e-06,7
2013-06-30,1156,3,C,C3.9,3.927000000e-06,16
2013-07-01,1157,3,C,C2.5,2.533000000e-06,9
2013-07-02,1158,4,M,M1.0,1.037000000e-05,11
2013-07-03,1159,4,M,M2.1,2.190000000e-05,20
2013-07-04,1160,4,M,M1.2,1.266000000e-05,22
2013-07-05,1161,4,M,M1.2,1.213000000e-05,20
2013-07-06,1162,3,C,C5.8,5.853000000e-06,11
2013-07-07,1163,3,C,C8.9,8.958000000e-06,9
2013-07-08,1164,4,M,M1.3,1.395000000e-05,7
2013-07-09,1165,3,C,C4.0,4.039000000e-06,7
2013-07-10,1166,3,C,C7.1,7.104000000e-06,9
2013-07-11,1167,3,C,C3.6,3.676000000e-06,10
2013-07-12,1168,3,C,C5.0,5.085000000e-06,6
2013-07-13,1169,3,C,C2.0,2.035000000e-06,3
2013-07-14,1170,3,C,C2.6,2.645000000e-06,3
2013-07-15,1171,3,C,C5.1,5.152000000e-06,12
2013-07-16,1172,3,C,C2.9,2.952000000e-06,5
2013-07-17,1173,3,C,C2.2,2.266000000e-06,7
2013-07-18,1174,3,C,C3.2,3.263000000e-06,4
2013-07-19,1175,3,C,C1.3,1.358000000e-06,2
2013-07-20,1176,3,C,C3.0,3.022000000e-06,4
2013-07-21,1177,3,C,C4.4,4.425000000e-06,9
2013-07-22,1178,2,B,B5.9,5.985000000e-07,1
2013-07-23,1179,2,B,B8.4,8.492000000e-07,6
2013-07-24,1180,3,C,C2.5,2.596000000e-06,7
2013-07-25,1181,3,C,C2.9,2.993000000e-06,11
2013-07-26,1182,3,C,C2.5,2.515000000e-06,8
2013-07-27,1183,3,C,C1.5,1.502000000e-06,4
2013-07-28,1184,3,C,C4.5,4.576000000e-06,15
2013-07-29,1185,3,C,C9.0,9.017000000e-06,8
2013-07-30,1186,3,C,C4.4,4.437000000e-06,8
2013-07-31,1187,3,C,C2.1,2.177000000e-06,5
2013-08-01,1188,3,C,C1.1,1.150000000e-06,5
2013-08-02,1189,3,C,C1.3,1.340000000e-06,6
2013-08-03,1190,2,B,B4.8,4.806000000e-07,3
2013-08-04,1191,2,B,B3.5,3.504000000e-07,1
2013-08-05,1192,2,B,B4.6,4.637000000e-07,3
2013-08-06,1193,2,B,B8.0,8.065000000e-07,7
2013-08-07,1194,2,B,B6.2,6.249000000e-07,2
2013-08-08,1195,2,B,B7.2,7.291000000e-07,5
2013-08-09,1196,3,C,C2.8,2.826000000e-06,5
2013-08-10,1197,3,C,C1.9,1.979000000e-06,2
2013-08-11,1198,4,M,M1.2,1.208000000e-05,18
2013-08-12,1199,4,M,M2.1,2.178000000e-05,8
2013-08-13,1200,3,C,C6.5,6.557000000e-06,15
2013-08-14,1201,3,C,C7.0,7.094000000e-06,7
2013-08-15,1202,3,C,C4.1,4.129000000e-06,5
2013-08-16,1203,3,C,C3.6,3.676000000e-06,9
2013-08-17,1204,4,M,M4.7,4.758000000e-05,8
2013-08-18,1205,3,C,C2.2,2.254000000e-06,5
2013-08-19,1206,3,C,C2.9,2.997000000e-06,10
2013-08-20,1207,3,C,C2.6,2.601000000e-06,6
2013-08-21,1208,3,C,C3.1,3.186000000e-06,8
2013-08-22,1209,3,C,C5.9,5.917000000e-06,12
2013-08-23,1210,3,C,C2.7,2.709000000e-06,10
2013-08-24,1211,2,B,B9.4,9.492000000e-07,1
2013-08-25,1212,3,C,C1.0,1.003000000e-06,1
2013-08-26,1213,2,B,B6.8,6.867000000e-07,2
2013-08-27,1214,3,C,C1.0,1.049000000e-06,2
2013-08-28,1215,2,B,B4.9,4.961000000e-07,7
2013-08-29,1216,3,C,C1.7,1.755000000e-06,6
2013-08-30,1217,4,M,M1.3,1.301000000e-05,3
2013-08-31,1218,3,C,C3.7,3.721000000e-06,5
2013-09-01,1219,3,C,C2.4,2.496000000e-06,5
2013-09-02,1220,2,B,B6.6,6.669000000e-07,6
2013-09-03,1221,3,C,C1.7,1.776000000e-06,11
2013-09-04,1222,3,C,C4.2,4.293000000e-06,19
2013-09-05,1223,3,C,C2.1,2.167000000e-06,5
2013-09-06,1224,2,B,B5.8,5.834000000e-07,1
2013-09-07,1225,3,C,C1.1,1.150000000e-06,10
2013-09-08,1226,3,C,C1.0,1.028000000e-06,5
2013-09-09,1227,2,B,B3.0,3.019000000e-07,1
2013-09-10,1228,2,B,B2.7,2.740000000e-07,4
2013-09-11,1229,2,B,B2.3,2.354000000e-07,6
2013-09-12,1230,2,B,B3.2,3.211000000e-07,20
2013-09-13,1231,2,B,B1.8,1.827000000e-07,8
2013-09-14,1232,2,B,B1.5,1.585000000e-07,9
2013-09-15,1233,2,B,B2.1,2.159000000e-07,5
2013-09-16,1234,2,B,B8.0,8.067000000e-07,5
2013-09-17,1235,2,B,B9.1,9.154000000e-07,6
2013-09-18,1236,3,C,C5.6,5.612000000e-06,4
2013-09-19,1237,3,C,C2.7,2.759000000e-06,14
2013-09-20,1238,3,C,C5.4,5.478000000e-06,10
2013-09-21,1239,3,C,C3.6,3.652000000e-06,9
2013-09-22,1240,2,B,B8.1,8.135000000e-07,2
2013-09-23,1241,2,B,B9.1,9.177000000e-07,9
2013-09-24,1242,3,C,C1.5,1.569000000e-06,5
2013-09-25,1243,2,B,B9.9,9.997000000e-07,8
2013-09-26,1244,2,B,B9.4,9.474000000e-07,10
2013-09-27,1245,2,B,B9.1,9.104000000e-07,8
2013-09-28,1246,2,B,B8.0,8.021000000e-07,6
2013-09-29,1247,3,C,C2.3,2.376000000e-06,10
2013-09-30,1248,2,B,B6.3,6.373000000e-07,1
2013-10-01,1249,2,B,B6.1,6.160000000e-07,3
2013-10-02,1250,3,C,C2.2,2.266000000e-06,11
2013-10-03,1251,3,C,C2.6,2.672000000e-06,4
2013-10-04,1252,3,C,C3.6,3.638000000e-06,5
2013-10-05,1253,2,B,B7.3,7.326000000e-07,3
2013-10-06,1254,3,C,C1.5,1.593000000e-06,9
2013-10-07,1255,3,C,C8.9,8.925000000e-06,20
2013-10-08,1256,3,C,C1.5,1.512000000e-06,8
2013-10-09,1257,4,M,M4.0,4.063000000e-05,11
2013-10-10,1258,3,C,C4.2,4.298000000e-06,15
2013-10-11,1259,4,M,M2.2,2.222000000e-05,20
2013-10-12,1260,3,C,C7.7,7.781000000e-06,27
2013-10-13,1261,4,M,M2.4,2.434000000e-05,11
2013-10-14,1262,4,M,M1.1,1.145000000e-05,11
2013-10-15,1263,4,M,M3.1,3.155000000e-05,25
2013-10-16,1264,4,M,M1.2,1.282000000e-05,13
2013-10-17,1265,4,M,M1.8,1.831000000e-05,13
2013-10-18,1266,4,M,M1.2,1.214000000e-05,16
2013-10-19,1267,3,C,C4.1,4.121000000e-06,10
2013-10-20,1268,3,C,C4.1,4.125000000e-06,12
2013-10-21,1269,3,C,C3.4,3.500000000e-06,16
2013-10-22,1270,4,M,M6.0,6.077000000e-05,22
2013-10-23,1271,4,M,M4.4,4.486000000e-05,22
2013-10-24,1272,5,X,X1.3,1.341000000e-04,25
2013-10-25,1273,5,X,X3.0,3.055000000e-04,23
2013-10-26,1274,4,M,M4.4,4.469000000e-05,32
2013-10-27,1275,4,M,M5.1,5.104000000e-05,21
2013-10-28,1276,5,X,X1.4,1.468000000e-04,17
2013-10-29,1277,5,X,X3.3,3.366000000e-04,20
2013-10-30,1278,3,C,C2.1,2.136000000e-06,6
2013-10-31,1279,4,M,M2.8,2.811000000e-05,5
2013-11-01,1280,4,M,M9.1,9.117000000e-05,10
2013-11-02,1281,4,M,M2.3,2.380000000e-05,13
2013-11-03,1282,4,M,M7.1,7.143000000e-05,8
2013-11-04,1283,3,C,C4.6,4.663000000e-06,14
2013-11-05,1284,5,X,X4.9,4.925000000e-04,12
2013-11-06,1285,4,M,M5.4,5.476000000e-05,17
2013-11-07,1286,4,M,M3.5,3.533000000e-05,19
2013-11-08,1287,5,X,X1.6,1.616000000e-04,8
2013-11-09,1288,3,C,C3.4,3.494000000e-06,9
2013-11-10,1289,5,X,X1.6,1.620000000e-04,11
2013-11-11,1290,4,M,M3.5,3.555000000e-05,10
2013-11-12,1291,4,M,M1.4,1.410000000e-05,11
2013-11-13,1292,4,M,M2.0,2.038000000e-05,19
2013-11-14,1293,3,C,C7.0,7.080000000e-06,20
2013-11-15,1294,4,M,M1.5,1.552000000e-05,14
2013-11-16,1295,4,M,M2.4,2.408000000e-05,20
2013-11-17,1296,4,M,M1.4,1.490000000e-05,18
2013-11-18,1297,4,M,M1.0,1.010000000e-05,15
2013-11-19,1298,5,X,X1.4,1.486000000e-04,9
2013-11-20,1299,3,C,C9.1,9.134000000e-06,14
2013-11-21,1300,4,M,M1.7,1.758000000e-05,7
2013-11-22,1301,3,C,C5.2,5.215000000e-06,11
2013-11-23,1302,4,M,M1.6,1.692000000e-05,20
2013-11-24,1303,3,C,C6.7,6.746000000e-06,13
2013-11-25,1304,3,C,C1.6,1.640000000e-06,11
2013-11-26,1305,3,C,C2.2,2.287000000e-06,6
2013-11-27,1306,0,none,,,0
2013-11-28,1307,3,C,C1.7,1.767000000e-06,8
2013-11-29,1308,3,C,C2.1,2.180000000e-06,5
2013-11-30,1309,3,C,C1.5,1.506000000e-06,5
2013-12-01,1310,3,C,C1.9,1.967000000e-06,11
2013-12-02,1311,3,C,C3.5,3.560000000e-06,3
2013-12-03,1312,3,C,C1.7,1.744000000e-06,8
2013-12-04,1313,3,C,C9.9,9.920000000e-06,9
2013-12-05,1314,3,C,C9.6,9.652000000e-06,5
2013-12-06,1315,3,C,C6.2,6.238000000e-06,6
2013-12-07,1316,4,M,M1.8,1.822000000e-05,7
2013-12-08,1317,3,C,C3.2,3.213000000e-06,6
2013-12-09,1318,3,C,C4.1,4.183000000e-06,6
2013-12-10,1319,3,C,C3.2,3.278000000e-06,5
2013-12-11,1320,3,C,C3.9,3.917000000e-06,8
2013-12-12,1321,3,C,C8.5,8.536000000e-06,6
2013-12-13,1322,3,C,C6.9,6.936000000e-06,8
2013-12-14,1323,3,C,C3.2,3.280000000e-06,4
2013-12-15,1324,3,C,C4.0,4.075000000e-06,6
2013-12-16,1325,3,C,C5.2,5.217000000e-06,9
2013-12-17,1326,3,C,C5.7,5.786000000e-06,7
2013-12-18,1327,3,C,C2.6,2.611000000e-06,9
2013-12-19,1328,4,M,M5.0,5.065000000e-05,9
2013-12-20,1329,4,M,M2.3,2.318000000e-05,20
2013-12-21,1330,4,M,M1.3,1.322000000e-05,15
2013-12-22,1331,4,M,M4.8,4.820000000e-05,28
2013-12-23,1332,4,M,M2.3,2.358000000e-05,22
2013-12-24,1333,3,C,C2.3,2.398000000e-06,11
2013-12-25,1334,3,C,C6.6,6.667000000e-06,15
2013-12-26,1335,3,C,C3.1,3.152000000e-06,3
2013-12-27,1336,3,C,C6.2,6.272000000e-06,14
2013-12-28,1337,4,M,M1.3,1.331000000e-05,8
2013-12-29,1338,4,M,M4.5,4.533000000e-05,23
2013-12-30,1339,3,C,C3.2,3.283000000e-06,6
2013-12-31,1340,4,M,M9.2,9.264000000e-05,10
2014-01-01,1341,5,X,X1.4,1.425000000e-04,14
2014-01-02,1342,4,M,M2.5,2.542000000e-05,21
2014-01-03,1343,4,M,M1.6,1.652000000e-05,16
2014-01-04,1344,4,M,M5.8,5.814000000e-05,11
2014-01-05,1345,3,C,C9.4,9.421000000e-06,16
2014-01-06,1346,4,M,M1.0,1.025000000e-05,8
2014-01-07,1347,5,X,X1.7,1.792000000e-04,17
2014-01-08,1348,4,M,M5.2,5.262000000e-05,7
2014-01-09,1349,3,C,C1.8,1.839000000e-06,2
2014-01-10,1350,3,C,C1.9,1.978000000e-06,4
2014-01-11,1351,3,C,C9.3,9.368000000e-06,14
2014-01-12,1352,3,C,C5.5,5.578000000e-06,11
2014-01-13,1353,4,M,M1.9,1.912000000e-05,6
2014-01-14,1354,3,C,C4.6,4.683000000e-06,7
2014-01-15,1355,0,none,,,0
2014-01-16,1356,3,C,C8.9,8.954000000e-06,7
2014-01-17,1357,4,M,M1.2,1.277000000e-05,14
2014-01-18,1358,3,C,C8.6,8.695000000e-06,14
2014-01-19,1359,3,C,C3.7,3.799000000e-06,5
2014-01-20,1360,3,C,C5.4,5.463000000e-06,11
2014-01-21,1361,3,C,C2.0,2.011000000e-06,6
2014-01-22,1362,3,C,C1.8,1.805000000e-06,6
2014-01-23,1363,3,C,C1.1,1.146000000e-06,6
2014-01-24,1364,3,C,C2.0,2.097000000e-06,9
2014-01-25,1365,3,C,C1.5,1.501000000e-06,4
2014-01-26,1366,3,C,C8.8,8.812000000e-06,6
2014-01-27,1367,4,M,M7.1,7.178000000e-05,13
2014-01-28,1368,4,M,M7.0,7.044000000e-05,23
2014-01-29,1369,4,M,M1.0,1.042000000e-05,15
2014-01-30,1370,4,M,M9.5,9.583000000e-05,12
2014-01-31,1371,4,M,M1.6,1.668000000e-05,14
2014-02-01,1372,4,M,M4.3,4.367000000e-05,14
2014-02-02,1373,4,M,M6.3,6.390000000e-05,28
2014-02-03,1374,4,M,M1.2,1.290000000e-05,19
2014-02-04,1375,4,M,M7.4,7.485000000e-05,25
2014-02-05,1376,4,M,M1.8,1.868000000e-05,20
2014-02-06,1377,4,M,M2.1,2.183000000e-05,17
2014-02-07,1378,4,M,M2.9,2.969000000e-05,15
2014-02-08,1379,4,M,M1.4,1.406000000e-05,11
2014-02-09,1380,4,M,M1.5,1.531000000e-05,8
2014-02-10,1381,3,C,C4.5,4.518000000e-06,9
2014-02-11,1382,4,M,M2.6,2.653000000e-05,12
2014-02-12,1383,4,M,M5.4,5.434000000e-05,11
2014-02-13,1384,4,M,M2.6,2.637000000e-05,27
2014-02-14,1385,4,M,M3.3,3.340000000e-05,18
2014-02-15,1386,3,C,C3.2,3.259000000e-06,14
2014-02-16,1387,4,M,M1.7,1.704000000e-05,10
2014-02-17,1388,3,C,C9.4,9.482000000e-06,11
2014-02-18,1389,3,C,C6.7,6.768000000e-06,11
2014-02-19,1390,3,C,C6.6,6.678000000e-06,12
2014-02-20,1391,4,M,M4.4,4.418000000e-05,5
2014-02-21,1392,3,C,C2.6,2.694000000e-06,6
2014-02-22,1393,4,M,M1.0,1.077000000e-05,4
2014-02-23,1394,4,M,M1.6,1.616000000e-05,9
2014-02-24,1395,4,M,M1.8,1.864000000e-05,13
2014-02-25,1396,5,X,X7.1,7.130000000e-04,9
2014-02-26,1397,4,M,M1.5,1.588000000e-05,7
2014-02-27,1398,3,C,C9.7,9.732000000e-06,17
2014-02-28,1399,4,M,M1.5,1.592000000e-05,14
2014-03-01,1400,4,M,M1.6,1.698000000e-05,6
2014-03-02,1401,4,M,M1.6,1.625000000e-05,12
2014-03-03,1402,4,M,M1.8,1.885000000e-05,17
2014-03-04,1403,4,M,M1.1,1.192000000e-05,15
2014-03-05,1404,3,C,C6.9,6.947000000e-06,11
2014-03-06,1405,3,C,C2.9,2.997000000e-06,5
2014-03-07,1406,3,C,C4.8,4.861000000e-06,5
2014-03-08,1407,4,M,M2.0,2.074000000e-05,9
2014-03-09,1408,4,M,M1.5,1.541000000e-05,33
2014-03-10,1409,4,M,M2.5,2.502000000e-05,19
2014-03-11,1410,4,M,M5.1,5.120000000e-05,19
2014-03-12,1411,5,X,X1.3,1.341000000e-04,10
2014-03-13,1412,4,M,M1.8,1.858000000e-05,7
2014-03-14,1413,3,C,C7.1,7.149000000e-06,9
2014-03-15,1414,4,M,M1.0,1.090000000e-05,11
2014-03-16,1415,4,M,M1.0,1.046000000e-05,6
2014-03-17,1416,3,C,C4.4,4.485000000e-06,12
2014-03-18,1417,3,C,C6.7,6.790000000e-06,9
2014-03-19,1418,4,M,M1.4,1.427000000e-05,17
2014-03-20,1419,4,M,M2.4,2.495000000e-05,12
2014-03-21,1420,3,C,C3.9,3.939000000e-06,6
2014-03-22,1421,4,M,M1.6,1.617000000e-05,13
2014-03-23,1422,3,C,C7.1,7.197000000e-06,16
2014-03-24,1423,3,C,C6.4,6.412000000e-06,12
2014-03-25,1424,3,C,C1.9,1.989000000e-06,5
2014-03-26,1425,3,C,C2.1,2.108000000e-06,12
2014-03-27,1426,3,C,C6.9,6.913000000e-06,3
2014-03-28,1427,4,M,M3.7,3.790000000e-05,12
2014-03-29,1428,5,X,X1.4,1.450000000e-04,17
2014-03-30,1429,4,M,M3.1,3.119000000e-05,11
2014-03-31,1430,4,M,M2.0,2.051000000e-05,13
2014-04-01,1431,3,C,C4.8,4.802000000e-06,8
2014-04-02,1432,4,M,M9.3,9.351000000e-05,12
2014-04-03,1433,3,C,C7.8,7.896000000e-06,10
2014-04-04,1434,4,M,M1.1,1.190000000e-05,12
2014-04-05,1435,3,C,C2.7,2.740000000e-06,8
2014-04-06,1436,3,C,C5.5,5.536000000e-06,6
2014-04-07,1437,3,C,C5.7,5.740000000e-06,9
2014-04-08,1438,3,C,C1.8,1.808000000e-06,4
2014-04-09,1439,3,C,C2.7,2.766000000e-06,1
2014-04-10,1440,3,C,C6.7,6.755000000e-06,2
2014-04-11,1441,4,M,M1.3,1.347000000e-05,5
2014-04-12,1442,3,C,C7.1,7.164000000e-06,2
2014-04-13,1443,3,C,C4.3,4.398000000e-06,9
2014-04-14,1444,4,M,M1.0,1.071000000e-05,21
2014-04-15,1445,4,M,M1.2,1.233000000e-05,25
2014-04-16,1446,4,M,M1.4,1.465000000e-05,16
2014-04-17,1447,3,C,C5.5,5.588000000e-06,11
2014-04-18,1448,5,X,X1.0,1.048000000e-04,6
2014-04-19,1449,3,C,C6.7,6.750000000e-06,14
2014-04-20,1450,3,C,C9.2,9.290000000e-06,11
2014-04-21,1451,3,C,C7.2,7.292000000e-06,10
2014-04-22,1452,4,M,M1.2,1.257000000e-05,14
2014-04-23,1453,3,C,C7.2,7.286000000e-06,9
2014-04-24,1454,3,C,C4.1,4.169000000e-06,10
2014-04-25,1455,5,X,X1.9,1.989000000e-04,5
2014-04-26,1456,3,C,C3.4,3.422000000e-06,5
2014-04-27,1457,2,B,B9.0,9.078000000e-07,2
2014-04-28,1458,3,C,C1.2,1.218000000e-06,14
2014-04-29,1459,3,C,C1.3,1.359000000e-06,5
2014-04-30,1460,3,C,C2.1,2.139000000e-06,16
2014-05-01,1461,2,B,B9.9,9.954000000e-07,10
2014-05-02,1462,3,C,C3.0,3.004000000e-06,14
2014-05-03,1463,3,C,C7.6,7.682000000e-06,14
2014-05-04,1464,4,M,M1.3,1.321000000e-05,11
2014-05-05,1465,4,M,M1.1,1.148000000e-05,9
2014-05-06,1466,4,M,M2.6,2.647000000e-05,8
2014-05-07,1467,4,M,M1.7,1.721000000e-05,8
2014-05-08,1468,4,M,M7.5,7.596000000e-05,5
2014-05-09,1469,4,M,M1.1,1.125000000e-05,13
2014-05-10,1470,4,M,M1.2,1.249000000e-05,11
2014-05-11,1471,3,C,C9.9,9.919000000e-06,7
2014-05-12,1472,3,C,C3.3,3.350000000e-06,7
2014-05-13,1473,3,C,C9.7,9.786000000e-06,10
2014-05-14,1474,4,M,M1.1,1.111000000e-05,14
2014-05-15,1475,3,C,C7.2,7.261000000e-06,6
2014-05-16,1476,3,C,C8.1,8.182000000e-06,9
2014-05-17,1477,3,C,C4.8,4.814000000e-06,3
2014-05-18,1478,3,C,C5.4,5.427000000e-06,4
2014-05-19,1479,3,C,C1.7,1.777000000e-06,1
2014-05-20,1480,3,C,C2.6,2.689000000e-06,4
2014-05-21,1481,3,C,C3.2,3.236000000e-06,8
2014-05-22,1482,3,C,C9.2,9.240000000e-06,6
2014-05-23,1483,3,C,C2.1,2.113000000e-06,7
2014-05-24,1484,4,M,M1.9,1.997000000e-05,16
2014-05-25,1485,3,C,C5.5,5.516000000e-06,12
2014-05-26,1486,3,C,C2.9,2.985000000e-06,8
2014-05-27,1487,3,C,C7.0,7.036000000e-06,6
2014-05-28,1488,3,C,C2.5,2.522000000e-06,8
2014-05-29,1489,3,C,C2.0,2.081000000e-06,5
2014-05-30,1490,2,B,B5.7,5.759000000e-07,4
2014-05-31,1491,3,C,C1.9,1.936000000e-06,7
2014-06-01,1492,3,C,C3.4,3.456000000e-06,5
2014-06-02,1493,2,B,B6.0,6.083000000e-07,4
2014-06-03,1494,4,M,M2.0,2.000000000e-05,9
2014-06-04,1495,3,C,C2.9,3.000000000e-06,12
2014-06-05,1496,2,B,B6.5,6.543000000e-07,3
2014-06-06,1497,4,M,M2.0,2.022000000e-05,9
2014-06-07,1498,3,C,C4.3,4.358000000e-06,10
2014-06-08,1499,3,C,C7.4,7.474000000e-06,5
2014-06-09,1500,4,M,M1.2,1.295000000e-05,13
2014-06-10,1501,5,X,X3.1,3.173000000e-04,11
2014-06-11,1502,5,X,X1.4,1.426000000e-04,18
2014-06-12,1503,4,M,M4.5,4.520000000e-05,18
2014-06-13,1504,4,M,M3.7,3.773000000e-05,14
2014-06-14,1505,4,M,M2.0,2.072000000e-05,5
2014-06-15,1506,4,M,M1.5,1.573000000e-05,8
2014-06-16,1507,4,M,M1.1,1.198000000e-05,13
2014-06-17,1508,3,C,C6.8,6.833000000e-06,22
2014-06-18,1509,3,C,C5.8,5.817000000e-06,13
2014-06-19,1510,3,C,C5.7,5.706000000e-06,5
2014-06-20,1511,3,C,C7.1,7.136000000e-06,5
2014-06-21,1512,3,C,C3.1,3.102000000e-06,11
2014-06-22,1513,3,C,C1.0,1.098000000e-06,7
2014-06-23,1514,3,C,C1.5,1.501000000e-06,8
2014-06-24,1515,3,C,C3.0,3.087000000e-06,11
2014-06-25,1516,3,C,C1.3,1.335000000e-06,6
2014-06-26,1517,3,C,C3.2,3.244000000e-06,3
2014-06-27,1518,2,B,B8.6,8.630000000e-07,1
2014-06-28,1519,3,C,C6.1,6.105000000e-06,9
2014-06-29,1520,3,C,C7.0,7.086000000e-06,20
2014-06-30,1521,3,C,C4.8,4.847000000e-06,8
2014-07-01,1522,4,M,M2.0,2.004000000e-05,6
2014-07-02,1523,3,C,C2.6,2.691000000e-06,4
2014-07-03,1524,3,C,C3.6,3.680000000e-06,7
2014-07-04,1525,3,C,C6.0,6.014000000e-06,4
2014-07-05,1526,3,C,C3.4,3.422000000e-06,5
2014-07-06,1527,3,C,C5.8,5.804000000e-06,6
2014-07-07,1528,3,C,C6.2,6.232000000e-06,13
2014-07-08,1529,4,M,M9.3,9.360000000e-05,4
2014-07-09,1530,4,M,M1.7,1.798000000e-05,8
2014-07-10,1531,4,M,M2.2,2.210000000e-05,4
2014-07-11,1532,3,C,C6.5,6.574000000e-06,7
2014-07-12,1533,3,C,C6.6,6.621000000e-06,9
2014-07-13,1534,3,C,C9.2,9.278000000e-06,7
2014-07-14,1535,3,C,C1.5,1.501000000e-06,2
2014-07-15,1536,3,C,C1.6,1.694000000e-06,2
2014-07-16,1537,2,B,B6.8,6.890000000e-07,2
2014-07-17,1538,2,B,B2.8,2.829000000e-07,2
2014-07-18,1539,2,B,B3.6,3.643000000e-07,1
2014-07-19,1540,2,B,B5.0,5.019000000e-07,4
2014-07-20,1541,0,none,,,0
2014-07-21,1542,2,B,B8.0,8.038000000e-07,4
2014-07-22,1543,2,B,B4.6,4.689000000e-07,2
2014-07-23,1544,2,B,B7.8,7.858000000e-07,4
2014-07-24,1545,3,C,C3.0,3.036000000e-06,6
2014-07-25,1546,3,C,C3.1,3.191000000e-06,11
2014-07-26,1547,3,C,C2.6,2.617000000e-06,12
2014-07-27,1548,3,C,C3.6,3.660000000e-06,6
2014-07-28,1549,3,C,C3.4,3.451000000e-06,7
2014-07-29,1550,3,C,C6.4,6.456000000e-06,10
2014-07-30,1551,4,M,M1.2,1.293000000e-05,5
2014-07-31,1552,4,M,M3.6,3.665000000e-05,11
2014-08-01,1553,4,M,M2.9,2.936000000e-05,10
2014-08-02,1554,3,C,C3.9,3.913000000e-06,6
2014-08-03,1555,3,C,C3.6,3.621000000e-06,8
2014-08-04,1556,3,C,C4.8,4.857000000e-06,7
2014-08-05,1557,3,C,C3.6,3.617000000e-06,7
2014-08-06,1558,3,C,C2.5,2.518000000e-06,7
2014-08-07,1559,3,C,C3.1,3.111000000e-06,7
2014-08-08,1560,3,C,C6.4,6.475000000e-06,7
2014-08-09,1561,3,C,C3.9,3.933000000e-06,7
2014-08-10,1562,3,C,C2.2,2.256000000e-06,9
2014-08-11,1563,3,C,C1.8,1.844000000e-06,4
2014-08-12,1564,3,C,C1.0,1.096000000e-06,9
2014-08-13,1565,3,C,C1.0,1.026000000e-06,7
2014-08-14,1566,3,C,C1.2,1.224000000e-06,13
2014-08-15,1567,3,C,C2.1,2.165000000e-06,13
2014-08-16,1568,3,C,C3.8,3.847000000e-06,6
2014-08-17,1569,3,C,C2.5,2.559000000e-06,9
2014-08-18,1570,3,C,C2.5,2.557000000e-06,7
2014-08-19,1571,3,C,C2.7,2.785000000e-06,7
2014-08-20,1572,3,C,C7.1,7.110000000e-06,8
2014-08-21,1573,4,M,M4.9,4.926000000e-05,21
2014-08-22,1574,4,M,M1.7,1.769000000e-05,18
2014-08-23,1575,3,C,C8.6,8.636000000e-06,12
2014-08-24,1576,4,M,M8.5,8.576000000e-05,9
2014-08-25,1577,4,M,M5.6,5.689000000e-05,7
2014-08-26,1578,3,C,C8.1,8.124000000e-06,8
2014-08-27,1579,3,C,C6.2,6.229000000e-06,12
2014-08-28,1580,3,C,C2.7,2.724000000e-06,12
2014-08-29,1581,3,C,C6.1,6.167000000e-06,8
2014-08-30,1582,3,C,C4.7,4.732000000e-06,13
2014-08-31,1583,4,M,M1.0,1.012000000e-05,20
2014-09-01,1584,3,C,C2.9,2.966000000e-06,9
2014-09-02,1585,3,C,C5.2,5.270000000e-06,7
2014-09-03,1586,4,M,M3.6,3.672000000e-05,6
2014-09-04,1587,3,C,C9.0,9.099000000e-06,13
2014-09-05,1588,3,C,C9.6,9.629000000e-06,13
2014-09-06,1589,4,M,M1.6,1.610000000e-05,9
2014-09-07,1590,4,M,M1.1,1.127000000e-05,6
2014-09-08,1591,4,M,M6.5,6.555000000e-05,13
2014-09-09,1592,3,C,C4.6,4.672000000e-06,1
2014-09-10,1593,5,X,X2.3,2.387000000e-04,9
2014-09-11,1594,4,M,M3.0,3.057000000e-05,10
2014-09-12,1595,4,M,M1.3,1.369000000e-05,15
2014-09-13,1596,3,C,C5.3,5.369000000e-06,10
2014-09-14,1597,4,M,M2.2,2.246000000e-05,6
2014-09-15,1598,3,C,C4.4,4.410000000e-06,11
2014-09-16,1599,3,C,C2.9,2.990000000e-06,9
2014-09-17,1600,4,M,M1.0,1.085000000e-05,15
2014-09-18,1601,4,M,M3.0,3.012000000e-05,13
2014-09-19,1602,3,C,C4.7,4.786000000e-06,7
2014-09-20,1603,3,C,C1.6,1.652000000e-06,8
2014-09-21,1604,3,C,C7.4,7.427000000e-06,6
2014-09-22,1605,3,C,C2.2,2.248000000e-06,3
2014-09-23,1606,4,M,M3.3,3.322000000e-05,3
2014-09-24,1607,3,C,C9.9,9.955000000e-06,8
2014-09-25,1608,3,C,C7.9,7.985000000e-06,5
2014-09-26,1609,4,M,M1.2,1.241000000e-05,15
2014-09-27,1610,4,M,M1.8,1.826000000e-05,11
2014-09-28,1611,4,M,M7.3,7.314000000e-05,12
2014-09-29,1612,3,C,C4.8,4.838000000e-06,10
2014-09-30,1613,3,C,C3.6,3.617000000e-06,4
2014-10-01,1614,3,C,C9.5,9.572000000e-06,9
2014-10-02,1615,5,X,X1.0,1.047000000e-04,8
2014-10-03,1616,4,M,M1.2,1.298000000e-05,10
2014-10-04,1617,3,C,C2.3,2.390000000e-06,10
2014-10-05,1618,3,C,C2.1,2.190000000e-06,8
2014-10-06,1619,3,C,C4.3,4.348000000e-06,6
2014-10-07,1620,3,C,C2.3,2.329000000e-06,8
2014-10-08,1621,3,C,C5.4,5.461000000e-06,10
2014-10-09,1622,4,M,M2.1,2.107000000e-05,22
2014-10-10,1623,3,C,C4.3,4.332000000e-06,1
2014-10-11,1624,3,C,C2.6,2.601000000e-06,10
2014-10-12,1625,3,C,C3.6,3.663000000e-06,8
2014-10-13,1626,2,B,B8.7,8.764000000e-07,4
2014-10-14,1627,4,M,M1.5,1.583000000e-05,2
2014-10-15,1628,0,none,,,0
2014-10-16,1629,4,M,M6.2,6.204000000e-05,11
2014-10-17,1630,3,C,C9.5,9.547000000e-06,12
2014-10-18,1631,4,M,M2.3,2.360000000e-05,20
2014-10-19,1632,5,X,X1.5,1.579000000e-04,15
2014-10-20,1633,4,M,M6.4,6.473000000e-05,25
2014-10-21,1634,4,M,M1.8,1.807000000e-05,22
2014-10-22,1635,5,X,X2.3,2.389000000e-04,18
2014-10-23,1636,4,M,M1.6,1.632000000e-05,10
2014-10-24,1637,5,X,X4.5,4.580000000e-04,15
2014-10-25,1638,5,X,X1.4,1.495000000e-04,15
2014-10-26,1639,5,X,X2.8,2.880000000e-04,25
2014-10-27,1640,5,X,X2.9,2.965000000e-04,24
2014-10-28,1641,4,M,M9.4,9.483000000e-05,8
2014-10-29,1642,4,M,M3.3,3.360000000e-05,25
2014-10-30,1643,4,M,M5.1,5.109000000e-05,15
2014-10-31,1644,4,M,M1.1,1.174000000e-05,4
2014-11-01,1645,4,M,M1.0,1.041000000e-05,5
2014-11-02,1646,4,M,M1.3,1.357000000e-05,6
2014-11-03,1647,4,M,M9.4,9.406000000e-05,10
2014-11-04,1648,4,M,M3.8,3.823000000e-05,13
2014-11-05,1649,5,X,X1.1,1.141000000e-04,11
2014-11-06,1650,4,M,M7.8,7.846000000e-05,12
2014-11-07,1651,5,X,X2.3,2.301000000e-04,15
2014-11-08,1652,3,C,C6.3,6.357000000e-06,12
2014-11-09,1653,4,M,M3.3,3.384000000e-05,15
2014-11-10,1654,4,M,M1.1,1.105000000e-05,18
2014-11-11,1655,3,C,C9.5,9.587000000e-06,11
2014-11-12,1656,3,C,C7.3,7.324000000e-06,14
2014-11-13,1657,0,none,,,0
2014-11-14,1658,3,C,C7.7,7.746000000e-06,11
2014-11-15,1659,4,M,M5.4,5.412000000e-05,7
2014-11-16,1660,4,M,M8.2,8.222000000e-05,12
2014-11-17,1661,0,none,,,0
2014-11-18,1662,3,C,C2.6,2.645000000e-06,2
2014-11-19,1663,3,C,C3.7,3.733000000e-06,3
2014-11-20,1664,4,M,M1.0,1.089000000e-05,2
2014-11-21,1665,3,C,C2.7,2.735000000e-06,9
2014-11-22,1666,4,M,M1.1,1.165000000e-05,10
2014-11-23,1667,3,C,C5.0,5.055000000e-06,12
2014-11-24,1668,3,C,C5.9,5.939000000e-06,7
2014-11-25,1669,3,C,C2.4,2.438000000e-06,6
2014-11-26,1670,3,C,C4.6,4.646000000e-06,6
2014-11-27,1671,4,M,M1.1,1.176000000e-05,14
2014-11-28,1672,4,M,M1.0,1.077000000e-05,14
2014-11-29,1673,3,C,C9.6,9.605000000e-06,15
2014-11-30,1674,3,C,C3.0,3.043000000e-06,8
2014-12-01,1675,4,M,M2.6,2.624000000e-05,5
2014-12-02,1676,3,C,C9.3,9.392000000e-06,12
2014-12-03,1677,3,C,C5.5,5.509000000e-06,15
2014-12-04,1678,4,M,M8.8,8.829000000e-05,13
2014-12-05,1679,4,M,M2.2,2.217000000e-05,17
2014-12-06,1680,3,C,C6.2,6.284000000e-06,10
2014-12-07,1681,3,C,C3.8,3.869000000e-06,9
2014-12-08,1682,3,C,C3.1,3.138000000e-06,7
2014-12-09,1683,4,M,M1.2,1.235000000e-05,11
2014-12-10,1684,3,C,C2.3,2.355000000e-06,6
2014-12-11,1685,3,C,C5.5,5.527000000e-06,10
2014-12-12,1686,3,C,C5.7,5.789000000e-06,6
2014-12-13,1687,4,M,M2.6,2.626000000e-05,13
2014-12-14,1688,4,M,M2.2,2.288000000e-05,20
2014-12-15,1689,4,M,M1.0,1.000000000e-05,7
2014-12-16,1690,3,C,C8.0,8.054000000e-06,13
2014-12-17,1691,5,X,X1.2,1.255000000e-04,15
2014-12-18,1692,4,M,M9.9,9.933000000e-05,18
2014-12-19,1693,4,M,M1.9,1.903000000e-05,13
2014-12-20,1694,5,X,X2.6,2.697000000e-04,8
2014-12-21,1695,4,M,M1.7,1.794000000e-05,11
2014-12-22,1696,4,M,M1.4,1.455000000e-05,8
2014-12-23,1697,3,C,C7.0,7.048000000e-06,11
2014-12-24,1698,3,C,C5.3,5.391000000e-06,4
2014-12-25,1699,3,C,C6.2,6.251000000e-06,3
2014-12-26,1700,3,C,C9.2,9.281000000e-06,12
2014-12-27,1701,4,M,M3.2,3.282000000e-05,7
2014-12-28,1702,3,C,C5.1,5.110000000e-06,8
2014-12-29,1703,3,C,C3.7,3.748000000e-06,8
2014-12-30,1704,3,C,C4.0,4.053000000e-06,5
2014-12-31,1705,3,C,C2.4,2.474000000e-06,12
2015-01-01,1706,3,C,C3.0,3.023000000e-06,6
2015-01-02,1707,3,C,C1.3,1.359000000e-06,5
2015-01-03,1708,4,M,M1.6,1.636000000e-05,13
2015-01-04,1709,4,M,M1.8,1.859000000e-05,7
2015-01-05,1710,4,M,M1.0,1.069000000e-05,9
2015-01-06,1711,4,M,M1.3,1.392000000e-05,10
2015-01-07,1712,3,C,C6.1,6.116000000e-06,11
2015-01-08,1713,3,C,C6.0,6.060000000e-06,6
2015-01-09,1714,4,M,M1.3,1.379000000e-05,5
2015-01-10,1715,3,C,C4.8,4.804000000e-06,4
2015-01-11,1716,3,C,C6.0,6.031000000e-06,8
2015-01-12,1717,4,M,M1.0,1.014000000e-05,9
2015-01-13,1718,4,M,M8.1,8.103000000e-05,10
2015-01-14,1719,4,M,M3.1,3.194000000e-05,23
2015-01-15,1720,3,C,C3.7,3.767000000e-06,7
2015-01-16,1721,3,C,C2.6,2.630000000e-06,1
2015-01-17,1722,3,C,C1.3,1.304000000e-06,2
2015-01-18,1723,3,C,C1.4,1.494000000e-06,4
2015-01-19,1724,3,C,C4.7,4.778000000e-06,6
2015-01-20,1725,3,C,C4.2,4.244000000e-06,8
2015-01-21,1726,4,M,M1.4,1.420000000e-05,15
2015-01-22,1727,4,M,M2.0,2.032000000e-05,17
2015-01-23,1728,3,C,C6.1,6.186000000e-06,11
2015-01-24,1729,3,C,C2.9,2.938000000e-06,9
2015-01-25,1730,3,C,C2.0,2.000000000e-06,8
2015-01-26,1731,4,M,M1.6,1.609000000e-05,10
2015-01-27,1732,3,C,C8.1,8.139000000e-06,7
2015-01-28,1733,4,M,M2.0,2.085000000e-05,16
2015-01-29,1734,4,M,M3.0,3.032000000e-05,19
2015-01-30,1735,4,M,M3.4,3.481000000e-05,9
2015-01-31,1736,3,C,C2.4,2.449000000e-06,7
2015-02-01,1737,3,C,C4.5,4.583000000e-06,13
2015-02-02,1738,3,C,C3.7,3.745000000e-06,11
2015-02-03,1739,3,C,C5.5,5.589000000e-06,12
2015-02-04,1740,4,M,M1.8,1.817000000e-05,8
2015-02-05,1741,3,C,C4.7,4.798000000e-06,7
2015-02-06,1742,3,C,C2.2,2.202000000e-06,8
2015-02-07,1743,3,C,C3.3,3.332000000e-06,9
2015-02-08,1744,3,C,C4.5,4.517000000e-06,13
2015-02-09,1745,4,M,M3.4,3.496000000e-05,13
2015-02-10,1746,4,M,M1.1,1.190000000e-05,4
2015-02-11,1747,3,C,C1.4,1.449000000e-06,2
2015-02-12,1748,3,C,C8.6,8.645000000e-06,4
2015-02-13,1749,3,C,C1.3,1.323000000e-06,2
2015-02-14,1750,2,B,B9.4,9.431000000e-07,1
2015-02-15,1751,3,C,C1.2,1.243000000e-06,2
2015-02-16,1752,3,C,C1.2,1.216000000e-06,1
2015-02-17,1753,2,B,B9.9,9.988000000e-07,4
2015-02-18,1754,3,C,C5.0,5.007000000e-06,7
2015-02-19,1755,3,C,C1.7,1.774000000e-06,5
2015-02-20,1756,3,C,C3.3,3.307000000e-06,10
2015-02-21,1757,3,C,C1.6,1.696000000e-06,5
2015-02-22,1758,3,C,C1.2,1.276000000e-06,2
2015-02-23,1759,2,B,B9.7,9.788000000e-07,2
2015-02-24,1760,3,C,C2.0,2.066000000e-06,2
2015-02-25,1761,0,none,,,0
2015-02-26,1762,2,B,B5.5,5.566000000e-07,3
2015-02-27,1763,3,C,C1.5,1.513000000e-06,4
2015-02-28,1764,3,C,C8.8,8.884000000e-06,14
2015-03-01,1765,3,C,C9.7,9.757000000e-06,8
2015-03-02,1766,4,M,M5.8,5.895000000e-05,25
2015-03-03,1767,5,X,X1.1,1.179000000e-04,9
2015-03-04,1768,3,C,C3.9,3.964000000e-06,9
2015-03-05,1769,4,M,M1.7,1.738000000e-05,7
2015-03-06,1770,4,M,M4.4,4.415000000e-05,13
2015-03-07,1771,5,X,X1.3,1.331000000e-04,6
2015-03-08,1772,3,C,C3.9,3.984000000e-06,5
2015-03-09,1773,4,M,M8.3,8.378000000e-05,21
2015-03-10,1774,4,M,M7.4,7.433000000e-05,29
2015-03-11,1775,5,X,X3.1,3.151000000e-04,25
2015-03-12,1776,4,M,M6.0,6.084000000e-05,20
2015-03-13,1777,4,M,M2.6,2.694000000e-05,18
2015-03-14,1778,4,M,M1.9,2.000000000e-05,24
2015-03-15,1779,4,M,M1.8,1.832000000e-05,15
2015-03-16,1780,4,M,M2.4,2.402000000e-05,20
2015-03-17,1781,4,M,M1.5,1.503000000e-05,10
2015-03-18,1782,4,M,M1.3,1.333000000e-05,26
2015-03-19,1783,3,C,C3.1,3.151000000e-06,16
2015-03-20,1784,4,M,M1.1,1.128000000e-05,6
2015-03-21,1785,3,C,C2.5,2.582000000e-06,3
2015-03-22,1786,3,C,C1.9,1.924000000e-06,4
2015-03-23,1787,3,C,C5.7,5.705000000e-06,13
2015-03-24,1788,3,C,C2.2,2.200000000e-06,7
2015-03-25,1789,4,M,M1.2,1.252000000e-05,12
2015-03-26,1790,3,C,C4.0,4.056000000e-06,13
2015-03-27,1791,3,C,C2.5,2.531000000e-06,8
2015-03-28,1792,3,C,C3.4,3.430000000e-06,11
2015-03-29,1793,3,C,C4.6,4.677000000e-06,14
2015-03-30,1794,3,C,C6.7,6.735000000e-06,8
2015-03-31,1795,3,C,C1.7,1.708000000e-06,3
2015-04-01,1796,0,none,,,0
2015-04-02,1797,3,C,C1.8,1.897000000e-06,4
2015-04-03,1798,3,C,C2.4,2.407000000e-06,3
2015-04-04,1799,3,C,C5.3,5.381000000e-06,7
2015-04-05,1800,3,C,C4.3,4.383000000e-06,2
2015-04-06,1801,3,C,C4.3,4.371000000e-06,6
2015-04-07,1802,3,C,C1.5,1.552000000e-06,8
2015-04-08,1803,4,M,M2.0,2.060000000e-05,7
2015-04-09,1804,3,C,C8.8,8.893000000e-06,15
2015-04-10,1805,4,M,M1.1,1.141000000e-05,9
2015-04-11,1806,3,C,C6.7,6.735000000e-06,6
2015-04-12,1807,4,M,M1.6,1.659000000e-05,19
2015-04-13,1808,3,C,C6.7,6.763000000e-06,14
2015-04-14,1809,3,C,C1.5,1.553000000e-06,6
2015-04-15,1810,4,M,M1.1,1.127000000e-05,7
2015-04-16,1811,3,C,C8.2,8.275000000e-06,12
2015-04-17,1812,3,C,C3.7,3.730000000e-06,10
2015-04-18,1813,3,C,C7.4,7.434000000e-06,6
2015-04-19,1814,3,C,C3.1,3.149000000e-06,5
2015-04-20,1815,3,C,C3.4,3.429000000e-06,5
2015-04-21,1816,4,M,M5.7,5.777000000e-05,13
2015-04-22,1817,4,M,M1.5,1.598000000e-05,12
2015-04-23,1818,4,M,M1.6,1.623000000e-05,13
2015-04-24,1819,3,C,C3.0,3.088000000e-06,13
2015-04-25,1820,3,C,C2.8,2.817000000e-06,2
2015-04-26,1821,3,C,C2.0,2.083000000e-06,7
2015-04-27,1822,2,B,B7.0,7.060000000e-07,5
2015-04-28,1823,3,C,C2.6,2.666000000e-06,2
2015-04-29,1824,3,C,C1.3,1.392000000e-06,7
2015-04-30,1825,2,B,B5.8,5.811000000e-07,5
2015-05-01,1826,3,C,C3.3,3.348000000e-06,4
2015-05-02,1827,3,C,C1.2,1.215000000e-06,8
2015-05-03,1828,3,C,C3.2,3.218000000e-06,16
2015-05-04,1829,4,M,M1.1,1.148000000e-05,16
2015-05-05,1830,5,X,X3.9,3.925000000e-04,28
2015-05-06,1831,4,M,M2.8,2.813000000e-05,29
2015-05-07,1832,3,C,C7.1,7.155000000e-06,15
2015-05-08,1833,3,C,C7.9,7.935000000e-06,11
2015-05-09,1834,4,M,M1.0,1.060000000e-05,4
2015-05-10,1835,3,C,C3.4,3.478000000e-06,11
2015-05-11,1836,3,C,C3.6,3.613000000e-06,13
2015-05-12,1837,3,C,C4.2,4.299000000e-06,13
2015-05-13,1838,4,M,M1.3,1.328000000e-05,16
2015-05-14,1839,3,C,C6.9,6.932000000e-06,14
2015-05-15,1840,3,C,C3.6,3.604000000e-06,12
2015-05-16,1841,3,C,C1.1,1.187000000e-06,3
2015-05-17,1842,3,C,C1.3,1.315000000e-06,5
2015-05-18,1843,3,C,C1.5,1.523000000e-06,8
2015-05-19,1844,3,C,C3.3,3.342000000e-06,6
2015-05-20,1845,3,C,C2.2,2.297000000e-06,8
2015-05-21,1846,3,C,C1.6,1.680000000e-06,9
2015-05-22,1847,3,C,C2.8,2.823000000e-06,7
2015-05-23,1848,3,C,C1.5,1.537000000e-06,14
2015-05-24,1849,2,B,B2.7,2.752000000e-07,1
2015-05-25,1850,2,B,B9.6,9.654000000e-07,3
2015-05-26,1851,2,B,B6.5,6.596000000e-07,10
2015-05-27,1852,3,C,C1.8,1.892000000e-06,12
2015-05-28,1853,2,B,B6.0,6.094000000e-07,4
2015-05-29,1854,2,B,B2.5,2.596000000e-07,1
2015-05-30,1855,2,B,B8.3,8.370000000e-07,4
2015-05-31,1856,2,B,B5.6,5.602000000e-07,7
2015-06-01,1857,2,B,B9.0,9.011000000e-07,3
2015-06-02,1858,3,C,C2.6,2.634000000e-06,5
2015-06-03,1859,3,C,C1.8,1.801000000e-06,11
2015-06-04,1860,4,M,M1.1,1.154000000e-05,9
2015-06-05,1861,3,C,C4.8,4.896000000e-06,10
2015-06-06,1862,3,C,C3.1,3.157000000e-06,4
2015-06-07,1863,3,C,C2.2,2.240000000e-06,7
2015-06-08,1864,2,B,B9.1,9.146000000e-07,2
2015-06-09,1865,3,C,C9.9,9.970000000e-06,6
2015-06-10,1866,3,C,C8.5,8.600000000e-06,12
2015-06-11,1867,4,M,M1.5,1.505000000e-05,36
2015-06-12,1868,4,M,M1.2,1.254000000e-05,14
2015-06-13,1869,4,M,M1.9,1.921000000e-05,22
2015-06-14,1870,4,M,M2.9,2.975000000e-05,8
2015-06-15,1871,3,C,C3.6,3.638000000e-06,10
2015-06-16,1872,3,C,C4.5,4.548000000e-06,7
2015-06-17,1873,3,C,C7.5,7.567000000e-06,6
2015-06-18,1874,4,M,M1.8,1.842000000e-05,14
2015-06-19,1875,4,M,M1.1,1.166000000e-05,16
2015-06-20,1876,4,M,M1.4,1.449000000e-05,8
2015-06-21,1877,4,M,M5.5,5.542000000e-05,13
2015-06-22,1878,4,M,M9.4,9.459000000e-05,5
2015-06-23,1879,3,C,C2.7,2.759000000e-06,11
2015-06-24,1880,3,C,C8.1,8.116000000e-06,8
2015-06-25,1881,5,X,X1.1,1.135000000e-04,3
2015-06-26,1882,3,C,C2.3,2.386000000e-06,11
2015-06-27,1883,3,C,C1.9,1.967000000e-06,7
2015-06-28,1884,3,C,C2.8,2.819000000e-06,10
2015-06-29,1885,3,C,C3.4,3.473000000e-06,10
2015-06-30,1886,3,C,C1.9,1.988000000e-06,5
2015-07-01,1887,3,C,C2.0,2.009000000e-06,4
2015-07-02,1888,3,C,C5.3,5.361000000e-06,8
2015-07-03,1889,4,M,M2.2,2.234000000e-05,16
2015-07-04,1890,2,B,B8.8,8.828000000e-07,2
2015-07-05,1891,3,C,C1.3,1.309000000e-06,4
2015-07-06,1892,4,M,M2.5,2.511000000e-05,19
2015-07-07,1893,3,C,C3.9,3.935000000e-06,12
2015-07-08,1894,3,C,C1.4,1.404000000e-06,3
2015-07-09,1895,3,C,C2.7,2.741000000e-06,3
2015-07-10,1896,3,C,C1.6,1.673000000e-06,4
2015-07-11,1897,3,C,C1.5,1.503000000e-06,4
2015-07-12,1898,2,B,B9.9,9.963000000e-07,1
2015-07-13,1899,2,B,B8.5,8.589000000e-07,1
2015-07-14,1900,3,C,C1.7,1.794000000e-06,6
2015-07-15,1901,2,B,B6.3,6.394000000e-07,3
2015-07-16,1902,2,B,B7.9,7.990000000e-07,1
2015-07-17,1903,2,B,B6.9,6.900000000e-07,5
2015-07-18,1904,3,C,C2.5,2.570000000e-06,7
2015-07-19,1905,3,C,C3.0,3.037000000e-06,4
2015-07-20,1906,2,B,B8.8,8.843000000e-07,2
2015-07-21,1907,2,B,B7.2,7.267000000e-07,4
2015-07-22,1908,2,B,B3.0,3.051000000e-07,5
2015-07-23,1909,2,B,B4.5,4.552000000e-07,2
2015-07-24,1910,3,C,C3.7,3.800000000e-06,13
2015-07-25,1911,2,B,B4.7,4.718000000e-07,1
2015-07-26,1912,3,C,C1.6,1.657000000e-06,7
2015-07-27,1913,2,B,B7.5,7.518000000e-07,6
2015-07-28,1914,2,B,B5.8,5.870000000e-07,1
2015-07-29,1915,2,B,B5.8,5.839000000e-07,2
2015-07-30,1916,2,B,B7.8,7.879000000e-07,3
2015-07-31,1917,2,B,B8.1,8.148000000e-07,2
2015-08-01,1918,3,C,C2.2,2.207000000e-06,12
2015-08-02,1919,3,C,C1.0,1.036000000e-06,11
2015-08-03,1920,2,B,B7.5,7.550000000e-07,2
2015-08-04,1921,2,B,B5.9,5.955000000e-07,1
2015-08-05,1922,3,C,C1.0,1.009000000e-06,8
2015-08-06,1923,3,C,C3.0,3.083000000e-06,8
2015-08-07,1924,3,C,C7.7,7.795000000e-06,22
2015-08-08,1925,3,C,C2.2,2.297000000e-06,4
2015-08-09,1926,3,C,C6.1,6.118000000e-06,4
2015-08-10,1927,3,C,C1.1,1.145000000e-06,4
2015-08-11,1928,3,C,C1.4,1.489000000e-06,15
2015-08-12,1929,2,B,B9.3,9.358000000e-07,2
2015-08-13,1930,2,B,B8.0,8.036000000e-07,7
2015-08-14,1931,3,C,C2.8,2.805000000e-06,11
2015-08-15,1932,3,C,C2.2,2.261000000e-06,7
2015-08-16,1933,2,B,B5.2,5.233000000e-07,4
2015-08-17,1934,2,B,B3.6,3.677000000e-07,5
2015-08-18,1935,2,B,B5.7,5.800000000e-07,3
2015-08-19,1936,2,B,B9.2,9.282000000e-07,13
2015-08-20,1937,3,C,C4.8,4.899000000e-06,13
2015-08-21,1938,4,M,M2.0,2.047000000e-05,13
2015-08-22,1939,4,M,M5.0,5.037000000e-05,22
2015-08-23,1940,3,C,C9.4,9.473000000e-06,13
2015-08-24,1941,4,M,M8.0,8.051000000e-05,25
2015-08-25,1942,3,C,C6.1,6.136000000e-06,28
2015-08-26,1943,4,M,M1.3,1.366000000e-05,10
2015-08-27,1944,4,M,M4.1,4.168000000e-05,19
2015-08-28,1945,4,M,M3.1,3.169000000e-05,28
2015-08-29,1946,3,C,C3.5,3.504000000e-06,11
2015-08-30,1947,4,M,M2.0,2.046000000e-05,7
2015-08-31,1948,3,C,C3.1,3.122000000e-06,3
2015-09-01,1949,0,none,,,0
2015-09-02,1950,2,B,B6.8,6.810000000e-07,2
2015-09-03,1951,3,C,C2.4,2.472000000e-06,9
2015-09-04,1952,2,B,B5.9,5.995000000e-07,6
2015-09-05,1953,2,B,B3.9,3.971000000e-07,3
2015-09-06,1954,2,B,B1.3,1.377000000e-07,1
2015-09-07,1955,2,B,B1.4,1.411000000e-07,5
2015-09-08,1956,2,B,B2.0,2.055000000e-07,7
2015-09-09,1957,2,B,B1.6,1.669000000e-07,6
2015-09-10,1958,2,B,B2.7,2.780000000e-07,5
2015-09-11,1959,3,C,C1.8,1.863000000e-06,10
2015-09-12,1960,2,B,B5.5,5.509000000e-07,2
2015-09-13,1961,2,B,B8.8,8.832000000e-07,6
2015-09-14,1962,3,C,C1.3,1.332000000e-06,8
2015-09-15,1963,3,C,C1.9,1.951000000e-06,19
2015-09-16,1964,4,M,M1.1,1.129000000e-05,19
2015-09-17,1965,4,M,M1.8,1.890000000e-05,26
2015-09-18,1966,3,C,C3.2,3.242000000e-06,13
2015-09-19,1967,3,C,C3.5,3.516000000e-06,5
2015-09-20,1968,4,M,M3.1,3.127000000e-05,10
2015-09-21,1969,4,M,M1.2,1.266000000e-05,11
2015-09-22,1970,2,B,B6.6,6.660000000e-07,8
2015-09-23,1971,3,C,C4.6,4.679000000e-06,14
2015-09-24,1972,3,C,C4.7,4.798000000e-06,14
2015-09-25,1973,3,C,C1.6,1.671000000e-06,12
2015-09-26,1974,3,C,C2.1,2.150000000e-06,22
2015-09-27,1975,4,M,M2.7,2.790000000e-05,25
2015-09-28,1976,5,X,X1.0,1.093000000e-04,24
2015-09-29,1977,4,M,M4.2,4.239000000e-05,25
2015-09-30,1978,4,M,M1.8,1.862000000e-05,17
2015-10-01,1979,4,M,M6.5,6.586000000e-05,19
2015-10-02,1980,4,M,M7.9,7.976000000e-05,15
2015-10-03,1981,3,C,C4.6,4.691000000e-06,17
2015-10-04,1982,4,M,M1.5,1.545000000e-05,10
2015-10-05,1983,2,B,B2.0,2.020000000e-07,1
2015-10-06,1984,2,B,B2.0,2.094000000e-07,5
2015-10-07,1985,2,B,B6.9,6.966000000e-07,13
2015-10-08,1986,2,B,B3.3,3.395000000e-07,8
2015-10-09,1987,2,B,B2.1,2.130000000e-07,5
2015-10-10,1988,2,B,B1.7,1.763000000e-07,6
2015-10-11,1989,3,C,C4.6,4.601000000e-06,5
2015-10-12,1990,3,C,C1.6,1.697000000e-06,6
2015-10-13,1991,4,M,M1.3,1.366000000e-05,11
2015-10-14,1992,3,C,C2.6,2.663000000e-06,11
2015-10-15,1993,4,M,M1.7,1.701000000e-05,24
2015-10-16,1994,4,M,M1.6,1.615000000e-05,15
2015-10-17,1995,4,M,M2.1,2.151000000e-05,20
2015-10-18,1996,3,C,C2.1,2.155000000e-06,8
2015-10-19,1997,3,C,C5.6,5.644000000e-06,20
2015-10-20,1998,3,C,C2.3,2.340000000e-06,10
2015-10-21,1999,4,M,M1.1,1.104000000e-05,11
2015-10-22,2000,0,none,,,0
2015-10-23,2001,3,C,C1.2,1.293000000e-06,10
2015-10-24,2002,3,C,C2.7,2.718000000e-06,7
2015-10-25,2003,3,C,C1.3,1.322000000e-06,5
2015-10-26,2004,3,C,C3.1,3.102000000e-06,5
2015-10-27,2005,3,C,C2.0,2.076000000e-06,1
2015-10-28,2006,3,C,C2.6,2.678000000e-06,7
2015-10-29,2007,3,C,C2.5,2.548000000e-06,16
2015-10-30,2008,4,M,M1.1,1.128000000e-05,24
2015-10-31,2009,4,M,M1.5,1.599000000e-05,19
2015-11-01,2010,3,C,C9.2,9.239000000e-06,20
2015-11-02,2011,4,M,M1.0,1.033000000e-05,14
2015-11-03,2012,3,C,C7.9,7.941000000e-06,12
2015-11-04,2013,4,M,M5.3,5.337000000e-05,16
2015-11-05,2014,3,C,C1.0,1.018000000e-06,2
2015-11-06,2015,3,C,C6.3,6.380000000e-06,13
2015-11-07,2016,3,C,C4.3,4.375000000e-06,8
2015-11-08,2017,2,B,B7.8,7.828000000e-07,2
2015-11-09,2018,4,M,M5.6,5.663000000e-05,7
2015-11-10,2019,3,C,C5.3,5.341000000e-06,10
2015-11-11,2020,2,B,B8.5,8.547000000e-07,6
2015-11-12,2021,3,C,C1.2,1.222000000e-06,4
2015-11-13,2022,3,C,C1.7,1.753000000e-06,4
2015-11-14,2023,2,B,B3.3,3.379000000e-07,1
2015-11-15,2024,2,B,B7.2,7.253000000e-07,3
2015-11-16,2025,2,B,B9.9,9.949000000e-07,1
2015-11-17,2026,3,C,C1.6,1.630000000e-06,3
2015-11-18,2027,3,C,C1.4,1.406000000e-06,4
2015-11-19,2028,3,C,C1.0,1.100000000e-06,5
2015-11-20,2029,2,B,B9.9,9.923000000e-07,10
2015-11-21,2030,3,C,C4.8,4.809000000e-06,15
2015-11-22,2031,3,C,C8.0,8.015000000e-06,14
2015-11-23,2032,4,M,M1.2,1.245000000e-05,6
2015-11-24,2033,2,B,B8.8,8.890000000e-07,2
2015-11-25,2034,3,C,C2.7,2.781000000e-06,5
2015-11-26,2035,3,C,C1.2,1.243000000e-06,6
2015-11-27,2036,2,B,B5.4,5.446000000e-07,1
2015-11-28,2037,2,B,B2.8,2.898000000e-07,2
2015-11-29,2038,2,B,B8.5,8.564000000e-07,5
2015-11-30,2039,3,C,C1.3,1.396000000e-06,5
2015-12-01,2040,3,C,C5.1,5.198000000e-06,10
2015-12-02,2041,3,C,C3.1,3.168000000e-06,4
2015-12-03,2042,3,C,C1.7,1.744000000e-06,6
2015-12-04,2043,3,C,C1.5,1.507000000e-06,11
2015-12-05,2044,3,C,C2.8,2.804000000e-06,10
2015-12-06,2045,3,C,C1.6,1.608000000e-06,7
2015-12-07,2046,3,C,C1.5,1.594000000e-06,9
2015-12-08,2047,3,C,C9.6,9.635000000e-06,6
2015-12-09,2048,3,C,C2.0,2.048000000e-06,14
2015-12-10,2049,3,C,C5.5,5.543000000e-06,7
2015-12-11,2050,3,C,C8.0,8.017000000e-06,11
2015-12-12,2051,4,M,M1.1,1.126000000e-05,20
2015-12-13,2052,3,C,C7.5,7.556000000e-06,10
2015-12-14,2053,3,C,C1.4,1.417000000e-06,10
2015-12-15,2054,3,C,C1.7,1.765000000e-06,3
2015-12-16,2055,3,C,C9.5,9.538000000e-06,3
2015-12-17,2056,3,C,C2.4,2.460000000e-06,5
2015-12-18,2057,3,C,C6.6,6.645000000e-06,5
2015-12-19,2058,3,C,C6.4,6.495000000e-06,9
2015-12-20,2059,3,C,C8.6,8.645000000e-06,13
2015-12-21,2060,4,M,M4.0,4.072000000e-05,21
2015-12-22,2061,4,M,M2.4,2.431000000e-05,6
2015-12-23,2062,4,M,M6.7,6.746000000e-05,9
2015-12-24,2063,4,M,M1.6,1.683000000e-05,6
2015-12-25,2064,3,C,C9.8,9.843000000e-06,8
2015-12-26,2065,4,M,M1.1,1.116000000e-05,17
2015-12-27,2066,3,C,C3.9,3.995000000e-06,14
2015-12-28,2067,4,M,M2.6,2.664000000e-05,7
2015-12-29,2068,3,C,C9.8,9.828000000e-06,7
2015-12-30,2069,3,C,C6.1,6.194000000e-06,14
2015-12-31,2070,3,C,C2.5,2.566000000e-06,13
2016-01-01,2071,4,M,M3.4,3.425000000e-05,9
2016-01-02,2072,2,B,B9.5,9.590000000e-07,1
2016-01-03,2073,2,B,B6.9,6.904000000e-07,3
2016-01-04,2074,2,B,B5.3,5.367000000e-07,1
2016-01-05,2075,2,B,B8.6,8.674000000e-07,5
2016-01-06,2076,3,C,C2.5,2.561000000e-06,13
2016-01-07,2077,3,C,C1.4,1.437000000e-06,8
2016-01-08,2078,3,C,C1.1,1.175000000e-06,4
2016-01-09,2079,2,B,B3.0,3.052000000e-07,1
2016-01-10,2080,2,B,B5.4,5.441000000e-07,1
2016-01-11,2081,2,B,B5.2,5.269000000e-07,3
2016-01-12,2082,2,B,B9.1,9.181000000e-07,5
2016-01-13,2083,2,B,B5.7,5.748000000e-07,6
2016-01-14,2084,2,B,B4.7,4.717000000e-07,2
2016-01-15,2085,3,C,C4.0,4.019000000e-06,13
2016-01-16,2086,3,C,C1.1,1.193000000e-06,7
2016-01-17,2087,2,B,B4.7,4.782000000e-07,1
2016-01-18,2088,2,B,B4.9,4.998000000e-07,4
2016-01-19,2089,2,B,B7.3,7.318000000e-07,7
2016-01-20,2090,3,C,C1.8,1.899000000e-06,22
2016-01-21,2091,3,C,C4.1,4.106000000e-06,8
2016-01-22,2092,2,B,B9.5,9.592000000e-07,5
2016-01-23,2093,2,B,B7.2,7.222000000e-07,5
2016-01-24,2094,3,C,C1.9,1.981000000e-06,10
2016-01-25,2095,3,C,C2.0,2.024000000e-06,10
2016-01-26,2096,3,C,C1.8,1.886000000e-06,7
2016-01-27,2097,3,C,C1.5,1.514000000e-06,5
2016-01-28,2098,4,M,M1.3,1.381000000e-05,11
2016-01-29,2099,3,C,C5.0,5.085000000e-06,11
2016-01-30,2100,3,C,C1.2,1.260000000e-06,5
2016-01-31,2101,3,C,C1.1,1.185000000e-06,5
2016-02-01,2102,3,C,C2.3,2.369000000e-06,7
2016-02-02,2103,3,C,C1.7,1.725000000e-06,6
2016-02-03,2104,3,C,C2.5,2.543000000e-06,10
2016-02-04,2105,3,C,C7.3,7.392000000e-06,15
2016-02-05,2106,3,C,C4.3,4.332000000e-06,10
2016-02-06,2107,3,C,C2.1,2.135000000e-06,11
2016-02-07,2108,3,C,C3.8,3.878000000e-06,9
2016-02-08,2109,3,C,C2.3,2.319000000e-06,4
2016-02-09,2110,3,C,C1.4,1.414000000e-06,10
2016-02-10,2111,3,C,C1.8,1.875000000e-06,11
2016-02-11,2112,4,M,M1.2,1.275000000e-05,10
2016-02-12,2113,4,M,M1.4,1.491000000e-05,15
2016-02-13,2114,4,M,M2.5,2.570000000e-05,18
2016-02-14,2115,4,M,M1.4,1.487000000e-05,25
2016-02-15,2116,4,M,M1.7,1.709000000e-05,36
2016-02-16,2117,3,C,C5.0,5.031000000e-06,34
2016-02-17,2118,4,M,M1.3,1.358000000e-05,28
2016-02-18,2119,4,M,M1.0,1.032000000e-05,15
2016-02-19,2120,3,C,C3.8,3.847000000e-06,14
2016-02-20,2121,3,C,C1.3,1.329000000e-06,7
2016-02-21,2122,2,B,B6.8,6.821000000e-07,6
2016-02-22,2123,3,C,C1.1,1.200000000e-06,7
2016-02-23,2124,3,C,C1.3,1.335000000e-06,8
2016-02-24,2125,3,C,C2.0,2.084000000e-06,15
2016-02-25,2126,3,C,C1.0,1.099000000e-06,9
2016-02-26,2127,3,C,C1.4,1.418000000e-06,6
2016-02-27,2128,3,C,C4.7,4.747000000e-06,13
2016-02-28,2129,2,B,B6.4,6.466000000e-07,8
2016-02-29,2130,2,B,B9.4,9.407000000e-07,7
2016-03-01,2131,2,B,B8.3,8.375000000e-07,3
2016-03-02,2132,0,none,,,0
2016-03-03,2133,2,B,B6.9,6.963000000e-07,6
2016-03-04,2134,3,C,C1.6,1.666000000e-06,6
2016-03-05,2135,2,B,B6.2,6.239000000e-07,8
2016-03-06,2136,2,B,B9.8,9.840000000e-07,18
2016-03-07,2137,2,B,B2.6,2.641000000e-07,3
2016-03-08,2138,3,C,C2.2,2.233000000e-06,7
2016-03-09,2139,3,C,C4.7,4.740000000e-06,8
2016-03-10,2140,3,C,C1.1,1.163000000e-06,5
2016-03-11,2141,0,none,,,0
2016-03-12,2142,3,C,C1.6,1.641000000e-06,5
2016-03-13,2143,2,B,B8.7,8.707000000e-07,3
2016-03-14,2144,2,B,B9.4,9.415000000e-07,8
2016-03-15,2145,3,C,C1.8,1.861000000e-06,7
2016-03-16,2146,3,C,C3.1,3.169000000e-06,6
2016-03-17,2147,2,B,B4.5,4.510000000e-07,2
2016-03-18,2148,2,B,B9.4,9.494000000e-07,7
2016-03-19,2149,2,B,B3.0,3.022000000e-07,6
2016-03-20,2150,3,C,C5.2,5.255000000e-06,6
2016-03-21,2151,2,B,B2.4,2.479000000e-07,2
2016-03-22,2152,2,B,B3.2,3.224000000e-07,7
2016-03-23,2153,2,B,B5.6,5.644000000e-07,4
2016-03-24,2154,2,B,B4.4,4.450000000e-07,7
2016-03-25,2155,2,B,B8.7,8.762000000e-07,8
2016-03-26,2156,2,B,B2.2,2.296000000e-07,10
2016-03-27,2157,2,B,B6.5,6.533000000e-07,14
2016-03-28,2158,3,C,C3.0,3.090000000e-06,10
2016-03-29,2159,2,B,B4.5,4.589000000e-07,7
2016-03-30,2160,2,B,B1.8,1.807000000e-07,8
2016-03-31,2161,2,B,B1.0,1.072000000e-07,1
2016-04-01,2162,2,B,B1.4,1.437000000e-07,3
2016-04-02,2163,2,B,B2.5,2.532000000e-07,1
2016-04-03,2164,2,B,B4.0,4.052000000e-07,3
2016-04-04,2165,2,B,B5.5,5.502000000e-07,8
2016-04-05,2166,2,B,B6.1,6.188000000e-07,8
2016-04-06,2167,3,C,C1.9,1.978000000e-06,9
2016-04-07,2168,3,C,C2.7,2.789000000e-06,13
2016-04-08,2169,3,C,C1.6,1.646000000e-06,4
2016-04-09,2170,3,C,C3.9,3.995000000e-06,14
2016-04-10,2171,3,C,C1.0,1.020000000e-06,1
2016-04-11,2172,3,C,C1.9,1.992000000e-06,5
2016-04-12,2173,3,C,C2.6,2.619000000e-06,4
2016-04-13,2174,3,C,C4.2,4.226000000e-06,6
2016-04-14,2175,3,C,C2.6,2.623000000e-06,6
2016-04-15,2176,3,C,C5.9,5.913000000e-06,13
2016-04-16,2177,3,C,C8.2,8.285000000e-06,14
2016-04-17,2178,3,C,C3.4,3.496000000e-06,12
2016-04-18,2179,4,M,M9.6,9.634000000e-05,11
2016-04-19,2180,3,C,C1.4,1.498000000e-06,10
2016-04-20,2181,3,C,C1.1,1.183000000e-06,8
2016-04-21,2182,2,B,B6.3,6.346000000e-07,3
2016-04-22,2183,2,B,B1.3,1.302000000e-07,4
2016-04-23,2184,2,B,B1.9,1.998000000e-07,8
2016-04-24,2185,2,B,B8.0,8.011000000e-07,14
2016-04-25,2186,2,B,B3.9,3.933000000e-07,11
2016-04-26,2187,3,C,C1.1,1.106000000e-06,21
2016-04-27,2188,3,C,C1.0,1.044000000e-06,15
2016-04-28,2189,3,C,C2.8,2.827000000e-06,12
2016-04-29,2190,2,B,B9.2,9.238000000e-07,18
2016-04-30,2191,3,C,C1.7,1.733000000e-06,20
2016-05-01,2192,3,C,C3.5,3.586000000e-06,16
2016-05-02,2193,3,C,C5.0,5.082000000e-06,8
2016-05-03,2194,3,C,C1.0,1.009000000e-06,10
2016-05-04,2195,3,C,C2.7,2.708000000e-06,11
2016-05-05,2196,2,B,B4.5,4.540000000e-07,9
2016-05-06,2197,2,B,B6.4,6.450000000e-07,10
2016-05-07,2198,3,C,C2.9,2.991000000e-06,8
2016-05-08,2199,2,B,B6.4,6.496000000e-07,10
2016-05-09,2200,3,C,C1.3,1.318000000e-06,7
2016-05-10,2201,2,B,B6.7,6.753000000e-07,3
2016-05-11,2202,3,C,C1.1,1.120000000e-06,6
2016-05-12,2203,2,B,B6.3,6.367000000e-07,6
2016-05-13,2204,2,B,B9.5,9.586000000e-07,6
2016-05-14,2205,4,M,M1.0,1.065000000e-05,16
2016-05-15,2206,3,C,C6.9,6.989000000e-06,23
2016-05-16,2207,3,C,C2.5,2.529000000e-06,15
2016-05-17,2208,3,C,C1.6,1.624000000e-06,12
2016-05-18,2209,2,B,B6.3,6.357000000e-07,3
2016-05-19,2210,0,none,,,0
2016-05-20,2211,2,B,B5.2,5.254000000e-07,14
2016-05-21,2212,3,C,C1.3,1.361000000e-06,7
2016-05-22,2213,2,B,B7.3,7.389000000e-07,7
2016-05-23,2214,2,B,B8.8,8.852000000e-07,12
2016-05-24,2215,3,C,C1.7,1.763000000e-06,18
2016-05-25,2216,3,C,C1.1,1.187000000e-06,8
2016-05-26,2217,3,C,C1.5,1.512000000e-06,14
2016-05-27,2218,2,B,B5.5,5.534000000e-07,6
2016-05-28,2219,2,B,B4.7,4.789000000e-07,4
2016-05-29,2220,2,B,B9.3,9.306000000e-07,10
2016-05-30,2221,3,C,C1.9,1.975000000e-06,14
2016-05-31,2222,2,B,B3.2,3.243000000e-07,6
2016-06-01,2223,3,C,C1.0,1.036000000e-06,6
2016-06-02,2224,2,B,B2.3,2.326000000e-07,2
2016-06-03,2225,0,none,,,0
2016-06-04,2226,2,B,B1.5,1.559000000e-07,1
2016-06-05,2227,0,none,,,0
2016-06-06,2228,0,none,,,0
2016-06-07,2229,2,B,B1.7,1.747000000e-07,1
2016-06-08,2230,2,B,B2.3,2.314000000e-07,4
2016-06-09,2231,3,C,C1.9,1.955000000e-06,15
2016-06-10,2232,2,B,B6.6,6.699000000e-07,18
2016-06-11,2233,3,C,C9.2,9.296000000e-06,18
2016-06-12,2234,3,C,C2.5,2.587000000e-06,12
2016-06-13,2235,3,C,C4.2,4.267000000e-06,15
2016-06-14,2236,2,B,B4.1,4.176000000e-07,2
2016-06-15,2237,2,B,B5.6,5.612000000e-07,11
2016-06-16,2238,3,C,C1.2,1.221000000e-06,12
2016-06-17,2239,2,B,B5.3,5.346000000e-07,19
2016-06-18,2240,2,B,B5.0,5.017000000e-07,20
2016-06-19,2241,3,C,C2.4,2.464000000e-06,11
2016-06-20,2242,3,C,C1.3,1.345000000e-06,5
2016-06-21,2243,0,none,,,0
2016-06-22,2244,2,B,B1.1,1.195000000e-07,1
2016-06-23,2245,2,B,B2.0,2.025000000e-07,6
2016-06-24,2246,2,B,B5.1,5.184000000e-07,5
2016-06-25,2247,2,B,B6.6,6.649000000e-07,10
2016-06-26,2248,2,B,B5.0,5.063000000e-07,6
2016-06-27,2249,2,B,B7.9,7.963000000e-07,8
2016-06-28,2250,0,none,,,0
2016-06-29,2251,2,B,B2.7,2.711000000e-07,1
2016-06-30,2252,0,none,,,0
2016-07-01,2253,0,none,,,0
2016-07-02,2254,2,B,B1.8,1.880000000e-07,1
2016-07-03,2255,2,B,B1.8,1.885000000e-07,6
2016-07-04,2256,2,B,B2.0,2.014000000e-07,3
2016-07-05,2257,2,B,B1.3,1.316000000e-07,2
2016-07-06,2258,0,none,,,0
2016-07-07,2259,3,C,C7.3,7.331000000e-06,13
2016-07-08,2260,3,C,C3.8,3.864000000e-06,19
2016-07-09,2261,3,C,C3.7,3.765000000e-06,11
2016-07-10,2262,4,M,M1.2,1.237000000e-05,4
2016-07-11,2263,3,C,C1.3,1.308000000e-06,1
2016-07-12,2264,2,B,B5.1,5.196000000e-07,5
2016-07-13,2265,3,C,C1.2,1.208000000e-06,12
2016-07-14,2266,2,B,B4.7,4.727000000e-07,2
2016-07-15,2267,3,C,C2.8,2.847000000e-06,19
2016-07-16,2268,3,C,C9.7,9.767000000e-06,25
2016-07-17,2269,3,C,C9.4,9.458000000e-06,10
2016-07-18,2270,3,C,C6.3,6.328000000e-06,9
2016-07-19,2271,3,C,C2.1,2.123000000e-06,7
2016-07-20,2272,3,C,C7.4,7.408000000e-06,17
2016-07-21,2273,4,M,M1.7,1.743000000e-05,28
2016-07-22,2274,3,C,C9.5,9.502000000e-06,11
2016-07-23,2275,5,X,X1.0,1.095000000e-04,19
2016-07-24,2276,4,M,M2.9,2.914000000e-05,24
2016-07-25,2277,3,C,C2.6,2.673000000e-06,8
2016-07-26,2278,3,C,C1.2,1.289000000e-06,17
2016-07-27,2279,2,B,B1.0,1.038000000e-07,1
2016-07-28,2280,2,B,B1.1,1.176000000e-07,1
2016-07-29,2281,2,B,B1.2,1.204000000e-07,1
2016-07-30,2282,2,B,B7.1,7.140000000e-07,3
2016-07-31,2283,2,B,B3.7,3.766000000e-07,1
2016-08-01,2284,0,none,,,0
2016-08-02,2285,0,none,,,0
2016-08-03,2286,0,none,,,0
2016-08-04,2287,2,B,B2.4,2.499000000e-07,4
2016-08-05,2288,3,C,C2.0,2.004000000e-06,31
2016-08-06,2289,2,B,B6.7,6.756000000e-07,10
2016-08-07,2290,4,M,M1.9,1.963000000e-05,19
2016-08-08,2291,3,C,C8.1,8.108000000e-06,19
2016-08-09,2292,4,M,M1.2,1.273000000e-05,8
2016-08-10,2293,3,C,C1.1,1.170000000e-06,8
2016-08-11,2294,3,C,C3.5,3.519000000e-06,8
2016-08-12,2295,2,B,B9.6,9.632000000e-07,7
2016-08-13,2296,2,B,B3.7,3.706000000e-07,7
2016-08-14,2297,3,C,C1.5,1.553000000e-06,12
2016-08-15,2298,3,C,C1.6,1.640000000e-06,14
2016-08-16,2299,3,C,C1.1,1.122000000e-06,2
2016-08-17,2300,2,B,B4.5,4.537000000e-07,5
2016-08-18,2301,2,B,B1.4,1.479000000e-07,3
2016-08-19,2302,2,B,B1.4,1.428000000e-07,5
2016-08-20,2303,2,B,B5.8,5.845000000e-07,8
2016-08-21,2304,0,none,,,0
2016-08-22,2305,2,B,B3.6,3.639000000e-07,12
2016-08-23,2306,2,B,B3.8,3.818000000e-07,10
2016-08-24,2307,2,B,B3.1,3.160000000e-07,2
2016-08-25,2308,2,B,B1.4,1.452000000e-07,3
2016-08-26,2309,2,B,B8.9,8.984000000e-07,7
2016-08-27,2310,2,B,B3.1,3.104000000e-07,7
2016-08-28,2311,3,C,C1.3,1.399000000e-06,10
2016-08-29,2312,3,C,C3.1,3.175000000e-06,10
2016-08-30,2313,3,C,C3.8,3.875000000e-06,7
2016-08-31,2314,3,C,C3.2,3.205000000e-06,4
2016-09-01,2315,2,B,B8.3,8.354000000e-07,5
2016-09-02,2316,3,C,C1.2,1.279000000e-06,7
2016-09-03,2317,2,B,B9.7,9.766000000e-07,6
2016-09-04,2318,3,C,C1.2,1.276000000e-06,5
2016-09-05,2319,2,B,B8.1,8.179000000e-07,4
2016-09-06,2320,2,B,B4.7,4.707000000e-07,6
2016-09-07,2321,2,B,B9.0,9.083000000e-07,11
2016-09-08,2322,3,C,C1.1,1.148000000e-06,21
2016-09-09,2323,3,C,C1.0,1.089000000e-06,15
2016-09-10,2324,3,C,C1.2,1.269000000e-06,15
2016-09-11,2325,2,B,B2.5,2.507000000e-07,11
2016-09-12,2326,2,B,B1.7,1.771000000e-07,5
2016-09-13,2327,2,B,B3.3,3.396000000e-07,4
2016-09-14,2328,2,B,B2.9,2.924000000e-07,5
2016-09-15,2329,2,B,B5.4,5.463000000e-07,7
2016-09-16,2330,2,B,B3.7,3.757000000e-07,13
2016-09-17,2331,2,B,B5.2,5.221000000e-07,9
2016-09-18,2332,2,B,B9.3,9.308000000e-07,13
2016-09-19,2333,2,B,B7.0,7.085000000e-07,18
2016-09-20,2334,2,B,B4.5,4.534000000e-07,6
2016-09-21,2335,3,C,C2.4,2.488000000e-06,20
2016-09-22,2336,3,C,C9.0,9.049000000e-06,16
2016-09-23,2337,2,B,B8.4,8.459000000e-07,12
2016-09-24,2338,2,B,B9.4,9.420000000e-07,15
2016-09-25,2339,3,C,C1.8,1.836000000e-06,13
2016-09-26,2340,2,B,B7.9,7.967000000e-07,17
2016-09-27,2341,3,C,C1.4,1.440000000e-06,18
2016-09-28,2342,3,C,C1.0,1.023000000e-06,8
2016-09-29,2343,2,B,B3.4,3.461000000e-07,3
2016-09-30,2344,2,B,B4.9,4.908000000e-07,3
2016-10-01,2345,2,B,B4.9,4.931000000e-07,7
2016-10-02,2346,2,B,B6.4,6.443000000e-07,10
2016-10-03,2347,2,B,B5.8,5.813000000e-07,7
2016-10-04,2348,2,B,B8.2,8.289000000e-07,5
2016-10-05,2349,2,B,B7.3,7.386000000e-07,3
2016-10-06,2350,2,B,B5.1,5.155000000e-07,6
2016-10-07,2351,2,B,B8.4,8.401000000e-07,5
2016-10-08,2352,2,B,B7.0,7.072000000e-07,4
2016-10-09,2353,2,B,B6.7,6.772000000e-07,1
2016-10-10,2354,2,B,B6.0,6.080000000e-07,5
2016-10-11,2355,2,B,B5.7,5.744000000e-07,9
2016-10-12,2356,3,C,C1.6,1.614000000e-06,7
2016-10-13,2357,3,C,C1.8,1.888000000e-06,14
2016-10-14,2358,3,C,C1.4,1.467000000e-06,11
2016-10-15,2359,2,B,B5.4,5.410000000e-07,6
2016-10-16,2360,3,C,C6.0,6.059000000e-06,11
2016-10-17,2361,2,B,B2.3,2.322000000e-07,7
2016-10-18,2362,0,none,,,0
2016-10-19,2363,0,none,,,0
2016-10-20,2364,0,none,,,0
2016-10-21,2365,2,B,B1.8,1.858000000e-07,3
2016-10-22,2366,2,B,B1.9,1.938000000e-07,3
2016-10-23,2367,2,B,B1.3,1.382000000e-07,1
2016-10-24,2368,2,B,B1.3,1.353000000e-07,2
2016-10-25,2369,2,B,B2.4,2.409000000e-07,7
2016-10-26,2370,2,B,B1.9,1.928000000e-07,13
2016-10-27,2371,2,B,B2.4,2.403000000e-07,6
2016-10-28,2372,2,B,B3.9,3.940000000e-07,16
2016-10-29,2373,2,B,B2.2,2.282000000e-07,12
2016-10-30,2374,2,B,B1.0,1.024000000e-07,1
2016-10-31,2375,2,B,B1.5,1.516000000e-07,2
2016-11-01,2376,2,B,B3.0,3.054000000e-07,3
2016-11-02,2377,0,none,,,0
2016-11-03,2378,0,none,,,0
2016-11-04,2379,2,B,B1.7,1.722000000e-07,1
2016-11-05,2380,2,B,B1.1,1.161000000e-07,1
2016-11-06,2381,0,none,,,0
2016-11-07,2382,2,B,B1.2,1.203000000e-07,1
2016-11-08,2383,2,B,B1.0,1.088000000e-07,1
2016-11-09,2384,2,B,B2.9,2.918000000e-07,10
2016-11-10,2385,2,B,B4.2,4.223000000e-07,7
2016-11-11,2386,2,B,B1.6,1.630000000e-07,4
2016-11-12,2387,2,B,B3.5,3.583000000e-07,5
2016-11-13,2388,2,B,B1.9,1.900000000e-07,6
2016-11-14,2389,2,B,B1.1,1.180000000e-07,2
2016-11-15,2390,2,B,B8.2,8.224000000e-07,5
2016-11-16,2391,2,B,B1.1,1.131000000e-07,1
2016-11-17,2392,2,B,B1.6,1.692000000e-07,1
2016-11-18,2393,0,none,,,0
2016-11-19,2394,2,B,B2.2,2.225000000e-07,1
2016-11-20,2395,0,none,,,0
2016-11-21,2396,2,B,B1.1,1.162000000e-07,1
2016-11-22,2397,2,B,B6.1,6.135000000e-07,5
2016-11-23,2398,2,B,B7.9,7.990000000e-07,5
2016-11-24,2399,0,none,,,0
2016-11-25,2400,2,B,B2.8,2.869000000e-07,1
2016-11-26,2401,2,B,B2.0,2.015000000e-07,2
2016-11-27,2402,2,B,B4.0,4.054000000e-07,10
2016-11-28,2403,3,C,C2.0,2.010000000e-06,20
2016-11-29,2404,4,M,M1.8,1.818000000e-05,22
2016-11-30,2405,3,C,C8.6,8.698000000e-06,23
2016-12-01,2406,2,B,B4.7,4.758000000e-07,19
2016-12-02,2407,2,B,B2.9,2.940000000e-07,13
2016-12-03,2408,2,B,B3.4,3.427000000e-07,5
2016-12-04,2409,3,C,C2.5,2.593000000e-06,15
2016-12-05,2410,3,C,C1.6,1.689000000e-06,18
2016-12-06,2411,2,B,B3.5,3.567000000e-07,9
2016-12-07,2412,2,B,B4.6,4.663000000e-07,12
2016-12-08,2413,2,B,B2.4,2.473000000e-07,4
2016-12-09,2414,2,B,B1.5,1.534000000e-07,2
2016-12-10,2415,3,C,C5.7,5.702000000e-06,3
2016-12-11,2416,2,B,B1.2,1.236000000e-07,2
2016-12-12,2417,0,none,,,0
2016-12-13,2418,0,none,,,0
2016-12-14,2419,0,none,,,0
2016-12-15,2420,2,B,B2.9,2.975000000e-07,3
2016-12-16,2421,2,B,B2.4,2.427000000e-07,5
2016-12-17,2422,0,none,,,0
2016-12-18,2423,0,none,,,0
2016-12-19,2424,0,none,,,0
2016-12-20,2425,0,none,,,0
2016-12-21,2426,2,B,B3.3,3.303000000e-07,1
2016-12-22,2427,0,none,,,0
2016-12-23,2428,0,none,,,0
2016-12-24,2429,0,none,,,0
2016-12-25,2430,0,none,,,0
2016-12-26,2431,3,C,C1.1,1.145000000e-06,8
2016-12-27,2432,2,B,B3.7,3.790000000e-07,4
2016-12-28,2433,0,none,,,0
2016-12-29,2434,2,B,B1.2,1.235000000e-07,1
2016-12-30,2435,2,B,B2.6,2.612000000e-07,3
2016-12-31,2436,2,B,B1.9,1.965000000e-07,3
2017-01-01,2437,0,none,,,0
2017-01-02,2438,0,none,,,0
2017-01-03,2439,0,none,,,0
2017-01-04,2440,2,B,B1.9,1.931000000e-07,1
2017-01-05,2441,2,B,B1.4,1.475000000e-07,2
2017-01-06,2442,0,none,,,0
2017-01-07,2443,0,none,,,0
2017-01-08,2444,0,none,,,0
2017-01-09,2445,0,none,,,0
2017-01-10,2446,3,C,C1.1,1.198000000e-06,14
2017-01-11,2447,2,B,B6.6,6.643000000e-07,14
2017-01-12,2448,3,C,C5.5,5.523000000e-06,6
2017-01-13,2449,0,none,,,0
2017-01-14,2450,2,B,B2.3,2.389000000e-07,2
2017-01-15,2451,2,B,B1.0,1.007000000e-07,1
2017-01-16,2452,2,B,B2.1,2.195000000e-07,3
2017-01-17,2453,0,none,,,0
2017-01-18,2454,2,B,B1.3,1.325000000e-07,1
2017-01-19,2455,0,none,,,0
2017-01-20,2456,2,B,B7.0,7.019000000e-07,26
2017-01-21,2457,4,M,M1.3,1.335000000e-05,27
2017-01-22,2458,2,B,B2.8,2.821000000e-07,8
2017-01-23,2459,2,B,B1.4,1.491000000e-07,3
2017-01-24,2460,2,B,B6.8,6.817000000e-07,11
2017-01-25,2461,3,C,C1.1,1.159000000e-06,19
2017-01-26,2462,2,B,B5.3,5.310000000e-07,18
2017-01-27,2463,2,B,B7.2,7.216000000e-07,3
2017-01-28,2464,3,C,C4.0,4.059000000e-06,4
2017-01-29,2465,0,none,,,0
2017-01-30,2466,0,none,,,0
2017-01-31,2467,2,B,B1.1,1.188000000e-07,4
2017-02-01,2468,2,B,B1.9,1.969000000e-07,6
2017-02-02,2469,2,B,B1.4,1.411000000e-07,1
2017-02-03,2470,0,none,,,0
2017-02-04,2471,2,B,B1.7,1.733000000e-07,2
2017-02-05,2472,0,none,,,0
2017-02-06,2473,2,B,B1.6,1.601000000e-07,2
2017-02-07,2474,0,none,,,0
2017-02-08,2475,2,B,B1.7,1.752000000e-07,1
2017-02-09,2476,3,C,C2.0,2.044000000e-06,19
2017-02-10,2477,0,none,,,0
2017-02-11,2478,0,none,,,0
2017-02-12,2479,2,B,B1.7,1.729000000e-07,2
2017-02-13,2480,2,B,B2.1,2.134000000e-07,1
2017-02-14,2481,0,none,,,0
2017-02-15,2482,2,B,B2.9,2.987000000e-07,1
2017-02-16,2483,0,none,,,0
2017-02-17,2484,2,B,B1.7,1.752000000e-07,5
2017-02-18,2485,2,B,B3.8,3.817000000e-07,9
2017-02-19,2486,2,B,B4.4,4.473000000e-07,5
2017-02-20,2487,3,C,C1.1,1.101000000e-06,15
2017-02-21,2488,2,B,B4.1,4.137000000e-07,14
2017-02-22,2489,3,C,C6.3,6.384000000e-06,14
2017-02-23,2490,3,C,C2.0,2.036000000e-06,15
2017-02-24,2491,3,C,C1.6,1.650000000e-06,11
2017-02-25,2492,2,B,B1.2,1.268000000e-07,3
2017-02-26,2493,2,B,B4.4,4.447000000e-07,3
2017-02-27,2494,3,C,C1.3,1.397000000e-06,20
2017-02-28,2495,3,C,C1.1,1.148000000e-06,16
2017-03-01,2496,2,B,B3.9,3.971000000e-07,10
2017-03-02,2497,2,B,B2.1,2.180000000e-07,10
2017-03-03,2498,2,B,B1.9,1.921000000e-07,4
2017-03-04,2499,2,B,B2.3,2.368000000e-07,5
2017-03-05,2500,0,none,,,0
2017-03-06,2501,2,B,B1.9,1.966000000e-07,1
2017-03-07,2502,0,none,,,0
2017-03-08,2503,0,none,,,0
2017-03-09,2504,0,none,,,0
2017-03-10,2505,0,none,,,0
2017-03-11,2506,0,none,,,0
2017-03-12,2507,0,none,,,0
2017-03-13,2508,0,none,,,0
2017-03-14,2509,0,none,,,0
2017-03-15,2510,0,none,,,0
2017-03-16,2511,0,none,,,0
2017-03-17,2512,0,none,,,0
2017-03-18,2513,0,none,,,0
2017-03-19,2514,0,none,,,0
2017-03-20,2515,2,B,B1.8,1.839000000e-07,1
2017-03-21,2516,0,none,,,0
2017-03-22,2517,2,B,B4.3,4.347000000e-07,1
2017-03-23,2518,0,none,,,0
2017-03-24,2519,0,none,,,0
2017-03-25,2520,2,B,B3.9,3.980000000e-07,4
2017-03-26,2521,3,C,C2.0,2.072000000e-06,17
2017-03-27,2522,3,C,C7.9,7.988000000e-06,25
2017-03-28,2523,3,C,C4.9,4.990000000e-06,27
2017-03-29,2524,3,C,C1.0,1.009000000e-06,18
2017-03-30,2525,2,B,B3.5,3.585000000e-07,8
2017-03-31,2526,3,C,C2.6,2.696000000e-06,27
2017-04-01,2527,4,M,M6.8,6.868000000e-05,17
2017-04-02,2528,4,M,M8.8,8.882000000e-05,19
2017-04-03,2529,4,M,M9.0,9.059000000e-05,25
2017-04-04,2530,3,C,C7.6,7.624000000e-06,22
2017-04-05,2531,3,C,C1.7,1.785000000e-06,13
2017-04-06,2532,3,C,C8.6,8.648000000e-06,10
2017-04-07,2533,3,C,C6.7,6.718000000e-06,9
2017-04-08,2534,3,C,C1.9,1.959000000e-06,19
2017-04-09,2535,2,B,B3.0,3.066000000e-07,12
2017-04-10,2536,2,B,B6.3,6.381000000e-07,8
2017-04-11,2537,2,B,B5.5,5.590000000e-07,10
2017-04-12,2538,2,B,B2.8,2.876000000e-07,3
2017-04-13,2539,2,B,B1.0,1.008000000e-07,1
2017-04-14,2540,2,B,B1.5,1.502000000e-07,1
2017-04-15,2541,0,none,,,0
2017-04-16,2542,2,B,B3.6,3.647000000e-07,8
2017-04-17,2543,3,C,C3.1,3.118000000e-06,11
2017-04-18,2544,3,C,C8.4,8.454000000e-06,14
2017-04-19,2545,3,C,C1.0,1.070000000e-06,7
2017-04-20,2546,3,C,C1.1,1.178000000e-06,11
2017-04-21,2547,2,B,B9.0,9.028000000e-07,15
2017-04-22,2548,3,C,C1.4,1.421000000e-06,13
2017-04-23,2549,2,B,B4.9,4.914000000e-07,10
2017-04-24,2550,2,B,B3.3,3.327000000e-07,11
2017-04-25,2551,2,B,B9.9,9.901000000e-07,6
2017-04-26,2552,2,B,B6.6,6.622000000e-07,8
2017-04-27,2553,2,B,B1.6,1.678000000e-07,4
2017-04-28,2554,2,B,B1.9,1.941000000e-07,3
2017-04-29,2555,0,none,,,0
2017-04-30,2556,2,B,B4.1,4.132000000e-07,8
2017-05-01,2557,3,C,C1.3,1.383000000e-06,4
2017-05-02,2558,2,B,B1.6,1.609000000e-07,8
2017-05-03,2559,2,B,B1.3,1.336000000e-07,1
2017-05-04,2560,2,B,B1.5,1.580000000e-07,1
2017-05-05,2561,2,B,B6.1,6.111000000e-07,15
2017-05-06,2562,2,B,B5.1,5.175000000e-07,8
2017-05-07,2563,0,none,,,0
2017-05-08,2564,0,none,,,0
2017-05-09,2565,0,none,,,0
2017-05-10,2566,0,none,,,0
2017-05-11,2567,0,none,,,0
2017-05-12,2568,0,none,,,0
2017-05-13,2569,0,none,,,0
2017-05-14,2570,0,none,,,0
2017-05-15,2571,0,none,,,0
2017-05-16,2572,2,B,B3.0,3.034000000e-07,2
2017-05-17,2573,0,none,,,0
2017-05-18,2574,2,B,B1.4,1.407000000e-07,1
2017-05-19,2575,0,none,,,0
2017-05-20,2576,0,none,,,0
2017-05-21,2577,2,B,B1.5,1.504000000e-07,1
2017-05-22,2578,2,B,B1.8,1.853000000e-07,2
2017-05-23,2579,2,B,B6.3,6.315000000e-07,8
2017-05-24,2580,2,B,B5.3,5.370000000e-07,12
2017-05-25,2581,2,B,B6.7,6.730000000e-07,8
2017-05-26,2582,2,B,B4.1,4.167000000e-07,14
2017-05-27,2583,3,C,C1.4,1.404000000e-06,15
2017-05-28,2584,3,C,C5.1,5.194000000e-06,20
2017-05-29,2585,3,C,C1.0,1.010000000e-06,11
2017-05-30,2586,3,C,C1.0,1.026000000e-06,12
2017-05-31,2587,3,C,C3.1,3.180000000e-06,16
2017-06-01,2588,4,M,M1.0,1.020000000e-05,22
2017-06-02,2589,4,M,M1.2,1.242000000e-05,20
2017-06-03,2590,3,C,C3.9,3.929000000e-06,18
2017-06-04,2591,2,B,B6.1,6.101000000e-07,12
2017-06-05,2592,3,C,C4.0,4.097000000e-06,17
2017-06-06,2593,2,B,B8.5,8.552000000e-07,21
2017-06-07,2594,3,C,C2.0,2.061000000e-06,12
2017-06-08,2595,2,B,B4.0,4.037000000e-07,1
2017-06-09,2596,2,B,B1.3,1.300000000e-07,1
2017-06-10,2597,2,B,B2.1,2.193000000e-07,1
2017-06-11,2598,2,B,B1.9,1.909000000e-07,4
2017-06-12,2599,2,B,B1.1,1.116000000e-07,1
2017-06-13,2600,2,B,B5.4,5.491000000e-07,2
2017-06-14,2601,2,B,B3.7,3.712000000e-07,5
2017-06-15,2602,2,B,B5.5,5.554000000e-07,15
2017-06-16,2603,2,B,B1.0,1.041000000e-07,1
2017-06-17,2604,2,B,B1.7,1.728000000e-07,1
2017-06-18,2605,2,B,B3.9,3.959000000e-07,5
2017-06-19,2606,2,B,B7.4,7.479000000e-07,4
2017-06-20,2607,2,B,B3.2,3.276000000e-07,8
2017-06-21,2608,2,B,B1.4,1.495000000e-07,5
2017-06-22,2609,2,B,B2.0,2.004000000e-07,1
2017-06-23,2610,0,none,,,0
2017-06-24,2611,0,none,,,0
2017-06-25,2612,0,none,,,0
2017-06-26,2613,2,B,B1.6,1.663000000e-07,1
2017-06-27,2614,2,B,B3.6,3.663000000e-07,5
2017-06-28,2615,2,B,B1.4,1.418000000e-07,4
2017-06-29,2616,0,none,,,0
2017-06-30,2617,0,none,,,0
2017-07-01,2618,0,none,,,0
2017-07-02,2619,2,B,B4.4,4.406000000e-07,1
2017-07-03,2620,4,M,M2.0,2.033000000e-05,27
2017-07-04,2621,3,C,C1.8,1.815000000e-06,15
2017-07-05,2622,2,B,B5.5,5.563000000e-07,24
2017-07-06,2623,2,B,B3.0,3.078000000e-07,14
2017-07-07,2624,3,C,C1.3,1.400000000e-06,25
2017-07-08,2625,3,C,C5.4,5.433000000e-06,35
2017-07-09,2626,4,M,M2.1,2.150000000e-05,34
2017-07-10,2627,3,C,C2.4,2.413000000e-06,9
2017-07-11,2628,3,C,C1.9,1.940000000e-06,12
2017-07-12,2629,2,B,B4.6,4.615000000e-07,1
2017-07-13,2630,4,M,M1.2,1.276000000e-05,13
2017-07-14,2631,4,M,M3.7,3.765000000e-05,4
2017-07-15,2632,3,C,C9.0,9.052000000e-06,21
2017-07-16,2633,3,C,C4.7,4.781000000e-06,18
2017-07-17,2634,3,C,C3.5,3.592000000e-06,13
2017-07-18,2635,3,C,C4.3,4.341000000e-06,13
2017-07-19,2636,3,C,C1.9,1.953000000e-06,1
2017-07-20,2637,2,B,B1.0,1.083000000e-07,1
2017-07-21,2638,2,B,B1.4,1.490000000e-07,1
2017-07-22,2639,0,none,,,0
2017-07-23,2640,2,B,B1.9,1.957000000e-07,2
2017-07-24,2641,0,none,,,0
2017-07-25,2642,0,none,,,0
2017-07-26,2643,2,B,B1.1,1.111000000e-07,1
2017-07-27,2644,2,B,B2.1,2.142000000e-07,2
2017-07-28,2645,0,none,,,0
2017-07-29,2646,0,none,,,0
2017-07-30,2647,0,none,,,0
2017-07-31,2648,3,C,C1.4,1.411000000e-06,21
2017-08-01,2649,3,C,C2.2,2.292000000e-06,14
2017-08-02,2650,3,C,C1.4,1.438000000e-06,3
2017-08-03,2651,2,B,B3.4,3.447000000e-07,3
2017-08-04,2652,2,B,B1.2,1.252000000e-07,2
2017-08-05,2653,2,B,B1.9,1.957000000e-07,3
2017-08-06,2654,2,B,B1.8,1.862000000e-07,3
2017-08-07,2655,0,none,,,0
2017-08-08,2656,0,none,,,0
2017-08-09,2657,0,none,,,0
2017-08-10,2658,0,none,,,0
2017-08-11,2659,0,none,,,0
2017-08-12,2660,0,none,,,0
2017-08-13,2661,0,none,,,0
2017-08-14,2662,3,C,C4.3,4.367000000e-06,36
2017-08-15,2663,3,C,C1.7,1.797000000e-06,22
2017-08-16,2664,2,B,B8.2,8.279000000e-07,23
2017-08-17,2665,3,C,C1.1,1.125000000e-06,19
2017-08-18,2666,3,C,C6.9,6.944000000e-06,17
2017-08-19,2667,4,M,M1.1,1.119000000e-05,19
2017-08-20,2668,4,M,M1.8,1.859000000e-05,15
2017-08-21,2669,3,C,C9.3,9.385000000e-06,19
2017-08-22,2670,3,C,C3.0,3.080000000e-06,15
2017-08-23,2671,3,C,C3.6,3.654000000e-06,17
2017-08-24,2672,3,C,C4.7,4.756000000e-06,16
2017-08-25,2673,3,C,C8.6,8.620000000e-06,14
2017-08-26,2674,2,B,B7.8,7.876000000e-07,11
2017-08-27,2675,3,C,C9.6,9.695000000e-06,21
2017-08-28,2676,3,C,C1.5,1.559000000e-06,18
2017-08-29,2677,3,C,C4.4,4.428000000e-06,14
2017-08-30,2678,3,C,C8.2,8.247000000e-06,19
2017-08-31,2679,3,C,C1.1,1.182000000e-06,15
2017-09-01,2680,3,C,C3.1,3.172000000e-06,17
2017-09-02,2681,4,M,M1.1,1.182000000e-05,15
2017-09-03,2682,3,C,C1.7,1.735000000e-06,10
2017-09-04,2683,4,M,M8.4,8.487000000e-05,24
2017-09-05,2684,4,M,M6.4,6.463000000e-05,21
2017-09-06,2685,5,X,X14.6,1.464000000e-03,13
2017-09-07,2686,5,X,X2.1,2.186000000e-04,30
2017-09-08,2687,5,X,X1.2,1.266000000e-04,25
2017-09-09,2688,4,M,M5.8,5.872000000e-05,21
2017-09-10,2689,5,X,X12.9,1.292000000e-03,11
2017-09-11,2690,3,C,C1.4,1.496000000e-06,3
2017-09-12,2691,3,C,C4.7,4.757000000e-06,9
2017-09-13,2692,2,B,B1.9,1.904000000e-07,5
2017-09-14,2693,2,B,B1.1,1.135000000e-07,1
2017-09-15,2694,0,none,,,0
2017-09-16,2695,0,none,,,0
2017-09-17,2696,2,B,B1.1,1.107000000e-07,1
2017-09-18,2697,0,none,,,0
2017-09-19,2698,0,none,,,0
2017-09-20,2699,3,C,C1.2,1.260000000e-06,13
2017-09-21,2700,2,B,B1.2,1.214000000e-07,2
2017-09-22,2701,2,B,B1.1,1.111000000e-07,1
2017-09-23,2702,2,B,B4.2,4.263000000e-07,7
2017-09-24,2703,2,B,B4.0,4.015000000e-07,4
2017-09-25,2704,2,B,B8.7,8.721000000e-07,9
2017-09-26,2705,3,C,C2.8,2.880000000e-06,9
2017-09-27,2706,3,C,C2.6,2.672000000e-06,6
2017-09-28,2707,2,B,B4.1,4.115000000e-07,4
2017-09-29,2708,2,B,B3.6,3.679000000e-07,2
2017-09-30,2709,2,B,B4.9,4.943000000e-07,4
2017-10-01,2710,2,B,B1.2,1.204000000e-07,3
2017-10-02,2711,2,B,B1.6,1.617000000e-07,1
2017-10-03,2712,2,B,B2.7,2.755000000e-07,2
2017-10-04,2713,2,B,B3.3,3.386000000e-07,8
2017-10-05,2714,3,C,C1.6,1.681000000e-06,16
2017-10-06,2715,3,C,C1.5,1.519000000e-06,10
2017-10-07,2716,2,B,B7.5,7.501000000e-07,8
2017-10-08,2717,2,B,B7.5,7.549000000e-07,18
2017-10-09,2718,2,B,B1.7,1.751000000e-07,5
2017-10-10,2719,0,none,,,0
2017-10-11,2720,0,none,,,0
2017-10-12,2721,0,none,,,0
2017-10-13,2722,0,none,,,0
2017-10-14,2723,0,none,,,0
2017-10-15,2724,0,none,,,0
2017-10-16,2725,0,none,,,0
2017-10-17,2726,0,none,,,0
2017-10-18,2727,0,none,,,0
2017-10-19,2728,2,B,B1.2,1.279000000e-07,1
2017-10-20,2729,4,M,M1.6,1.696000000e-05,8
2017-10-21,2730,2,B,B1.0,1.089000000e-07,1
2017-10-22,2731,2,B,B2.9,2.997000000e-07,3
2017-10-23,2732,0,none,,,0
2017-10-24,2733,2,B,B1.3,1.378000000e-07,2
2017-10-25,2734,2,B,B2.6,2.645000000e-07,4
2017-10-26,2735,2,B,B2.6,2.617000000e-07,2
2017-10-27,2736,2,B,B2.1,2.181000000e-07,1
2017-10-28,2737,0,none,,,0
2017-10-29,2738,2,B,B1.2,1.215000000e-07,1
2017-10-30,2739,0,none,,,0
2017-10-31,2740,0,none,,,0
2017-11-01,2741,0,none,,,0
2017-11-02,2742,0,none,,,0
2017-11-03,2743,0,none,,,0
2017-11-04,2744,0,none,,,0
2017-11-05,2745,0,none,,,0
2017-11-06,2746,0,none,,,0
2017-11-07,2747,0,none,,,0
2017-11-08,2748,0,none,,,0
2017-11-09,2749,0,none,,,0
2017-11-10,2750,0,none,,,0
2017-11-11,2751,0,none,,,0
2017-11-12,2752,2,B,B3.4,3.464000000e-07,4
2017-11-13,2753,3,C,C1.1,1.104000000e-06,8
2017-11-14,2754,2,B,B1.7,1.789000000e-07,13
2017-11-15,2755,2,B,B1.8,1.871000000e-07,3
2017-11-16,2756,2,B,B5.1,5.199000000e-07,3
2017-11-17,2757,2,B,B9.0,9.057000000e-07,5
2017-11-18,2758,2,B,B1.7,1.781000000e-07,4
2017-11-19,2759,2,B,B1.1,1.156000000e-07,1
2017-11-20,2760,0,none,,,0
2017-11-21,2761,2,B,B2.2,2.261000000e-07,1
2017-11-22,2762,0,none,,,0
2017-11-23,2763,2,B,B1.7,1.790000000e-07,1
2017-11-24,2764,0,none,,,0
2017-11-25,2765,0,none,,,0
2017-11-26,2766,2,B,B1.4,1.409000000e-07,1
2017-11-27,2767,2,B,B3.9,3.931000000e-07,1
2017-11-28,2768,0,none,,,0
2017-11-29,2769,0,none,,,0
2017-11-30,2770,2,B,B1.7,1.757000000e-07,1
2017-12-01,2771,0,none,,,0
2017-12-02,2772,0,none,,,0
2017-12-03,2773,0,none,,,0
2017-12-04,2774,0,none,,,0
2017-12-05,2775,0,none,,,0
2017-12-06,2776,0,none,,,0
2017-12-07,2777,0,none,,,0
2017-12-08,2778,0,none,,,0
2017-12-09,2779,0,none,,,0
2017-12-10,2780,2,B,B1.7,1.759000000e-07,1
2017-12-11,2781,2,B,B8.5,8.501000000e-07,2
2017-12-12,2782,0,none,,,0
2017-12-13,2783,2,B,B1.4,1.409000000e-07,1
2017-12-14,2784,2,B,B1.2,1.273000000e-07,1
2017-12-15,2785,0,none,,,0
2017-12-16,2786,0,none,,,0
2017-12-17,2787,0,none,,,0
2017-12-18,2788,0,none,,,0
2017-12-19,2789,2,B,B3.2,3.291000000e-07,2
2017-12-20,2790,2,B,B4.1,4.121000000e-07,7
2017-12-21,2791,2,B,B1.4,1.438000000e-07,2
2017-12-22,2792,3,C,C1.0,1.083000000e-06,16
2017-12-23,2793,2,B,B4.5,4.561000000e-07,3
2017-12-24,2794,2,B,B1.1,1.123000000e-07,1
2017-12-25,2795,2,B,B2.0,2.015000000e-07,1
2017-12-26,2796,0,none,,,0
2017-12-27,2797,0,none,,,0
2017-12-28,2798,3,C,C1.2,1.278000000e-06,1
2017-12-29,2799,2,B,B1.2,1.285000000e-07,1
2017-12-30,2800,0,none,,,0
2017-12-31,2801,0,none,,,0
2018-01-01,2802,0,none,,,0
2018-01-02,2803,0,none,,,0
2018-01-03,2804,0,none,,,0
2018-01-04,2805,0,none,,,0
2018-01-05,2806,0,none,,,0
2018-01-06,2807,0,none,,,0
2018-01-07,2808,0,none,,,0
2018-01-08,2809,0,none,,,0
2018-01-09,2810,0,none,,,0
2018-01-10,2811,0,none,,,0
2018-01-11,2812,0,none,,,0
2018-01-12,2813,0,none,,,0
2018-01-13,2814,0,none,,,0
2018-01-14,2815,0,none,,,0
2018-01-15,2816,0,none,,,0
2018-01-16,2817,0,none,,,0
2018-01-17,2818,0,none,,,0
2018-01-18,2819,3,C,C1.4,1.453000000e-06,5
2018-01-19,2820,0,none,,,0
2018-01-20,2821,2,B,B2.2,2.297000000e-07,1
2018-01-21,2822,0,none,,,0
2018-01-22,2823,3,C,C1.4,1.442000000e-06,1
2018-01-23,2824,0,none,,,0
2018-01-24,2825,0,none,,,0
2018-01-25,2826,0,none,,,0
2018-01-26,2827,0,none,,,0
2018-01-27,2828,0,none,,,0
2018-01-28,2829,0,none,,,0
2018-01-29,2830,0,none,,,0
2018-01-30,2831,2,B,B1.7,1.747000000e-07,2
2018-01-31,2832,0,none,,,0
2018-02-01,2833,0,none,,,0
2018-02-02,2834,0,none,,,0
2018-02-03,2835,2,B,B1.2,1.231000000e-07,2
2018-02-04,2836,3,C,C1.6,1.700000000e-06,12
2018-02-05,2837,3,C,C1.2,1.222000000e-06,30
2018-02-06,2838,3,C,C1.6,1.647000000e-06,20
2018-02-07,2839,4,M,M1.2,1.261000000e-05,28
2018-02-08,2840,3,C,C1.1,1.108000000e-06,25
2018-02-09,2841,3,C,C1.0,1.074000000e-06,10
2018-02-10,2842,3,C,C7.0,7.026000000e-06,16
2018-02-11,2843,3,C,C1.2,1.245000000e-06,23
2018-02-12,2844,3,C,C2.2,2.247000000e-06,8
2018-02-13,2845,2,B,B1.6,1.690000000e-07,4
2018-02-14,2846,2,B,B2.0,2.014000000e-07,3
2018-02-15,2847,2,B,B1.9,1.992000000e-07,5
2018-02-16,2848,2,B,B4.9,4.974000000e-07,1
2018-02-17,2849,2,B,B1.7,1.787000000e-07,1
2018-02-18,2850,0,none,,,0
2018-02-19,2851,0,none,,,0
2018-02-20,2852,0,none,,,0
2018-02-21,2853,0,none,,,0
2018-02-22,2854,0,none,,,0
2018-02-23,2855,0,none,,,0
2018-02-24,2856,0,none,,,0
2018-02-25,2857,0,none,,,0
2018-02-26,2858,2,B,B4.7,4.764000000e-07,2
2018-02-27,2859,0,none,,,0
2018-02-28,2860,2,B,B2.0,2.071000000e-07,2
2018-03-01,2861,2,B,B1.5,1.590000000e-07,1
2018-03-02,2862,3,C,C3.0,3.042000000e-06,6
2018-03-03,2863,2,B,B7.3,7.398000000e-07,1
2018-03-04,2864,2,B,B1.5,1.536000000e-07,1
2018-03-05,2865,0,none,,,0
2018-03-06,2866,0,none,,,0
2018-03-07,2867,0,none,,,0
2018-03-08,2868,0,none,,,0
2018-03-09,2869,0,none,,,0
2018-03-10,2870,0,none,,,0
2018-03-11,2871,0,none,,,0
2018-03-12,2872,0,none,,,0
2018-03-13,2873,0,none,,,0
2018-03-14,2874,0,none,,,0
2018-03-15,2875,0,none,,,0
2018-03-16,2876,0,none,,,0
2018-03-17,2877,0,none,,,0
2018-03-18,2878,0,none,,,0
2018-03-19,2879,0,none,,,0
2018-03-20,2880,0,none,,,0
2018-03-21,2881,0,none,,,0
2018-03-22,2882,0,none,,,0
2018-03-23,2883,0,none,,,0
2018-03-24,2884,0,none,,,0
2018-03-25,2885,0,none,,,0
2018-03-26,2886,0,none,,,0
2018-03-27,2887,0,none,,,0
2018-03-28,2888,0,none,,,0
2018-03-29,2889,2,B,B1.6,1.610000000e-07,1
2018-03-30,2890,3,C,C7.1,7.183000000e-06,7
2018-03-31,2891,3,C,C1.0,1.090000000e-06,4
2018-04-01,2892,3,C,C1.3,1.382000000e-06,2
2018-04-02,2893,0,none,,,0
2018-04-03,2894,2,B,B3.1,3.164000000e-07,3
2018-04-04,2895,0,none,,,0
2018-04-05,2896,0,none,,,0
2018-04-06,2897,0,none,,,0
2018-04-07,2898,0,none,,,0
2018-04-08,2899,0,none,,,0
2018-04-09,2900,0,none,,,0
2018-04-10,2901,0,none,,,0
2018-04-11,2902,0,none,,,0
2018-04-12,2903,0,none,,,0
2018-04-13,2904,0,none,,,0
2018-04-14,2905,2,B,B3.6,3.665000000e-07,2
2018-04-15,2906,2,B,B5.4,5.425000000e-07,3
2018-04-16,2907,0,none,,,0
2018-04-17,2908,0,none,,,0
2018-04-18,2909,2,B,B6.1,6.133000000e-07,11
2018-04-19,2910,2,B,B1.2,1.254000000e-07,3
2018-04-20,2911,2,B,B7.9,7.986000000e-07,15
2018-04-21,2912,2,B,B2.9,2.905000000e-07,8
2018-04-22,2913,2,B,B1.0,1.076000000e-07,1
2018-04-23,2914,2,B,B1.3,1.356000000e-07,2
2018-04-24,2915,2,B,B3.0,3.094000000e-07,2
2018-04-25,2916,0,none,,,0
2018-04-26,2917,2,B,B1.7,1.764000000e-07,2
2018-04-27,2918,0,none,,,0
2018-04-28,2919,2,B,B2.2,2.248000000e-07,2
2018-04-29,2920,0,none,,,0
2018-04-30,2921,2,B,B1.6,1.691000000e-07,3
2018-05-01,2922,2,B,B2.3,2.381000000e-07,1
2018-05-02,2923,0,none,,,0
2018-05-03,2924,0,none,,,0
2018-05-04,2925,0,none,,,0
2018-05-05,2926,0,none,,,0
2018-05-06,2927,0,none,,,0
2018-05-07,2928,0,none,,,0
2018-05-08,2929,0,none,,,0
2018-05-09,2930,0,none,,,0
2018-05-10,2931,0,none,,,0
2018-05-11,2932,0,none,,,0
2018-05-12,2933,0,none,,,0
2018-05-13,2934,0,none,,,0
2018-05-14,2935,0,none,,,0
2018-05-15,2936,0,none,,,0
2018-05-16,2937,0,none,,,0
2018-05-17,2938,0,none,,,0
2018-05-18,2939,0,none,,,0
2018-05-19,2940,0,none,,,0
2018-05-20,2941,0,none,,,0
2018-05-21,2942,0,none,,,0
2018-05-22,2943,3,C,C1.3,1.395000000e-06,5
2018-05-23,2944,3,C,C3.1,3.178000000e-06,30
2018-05-24,2945,3,C,C1.4,1.491000000e-06,13
2018-05-25,2946,2,B,B5.8,5.804000000e-07,13
2018-05-26,2947,2,B,B1.9,1.989000000e-07,4
2018-05-27,2948,2,B,B1.8,1.809000000e-07,5
2018-05-28,2949,3,C,C5.1,5.117000000e-06,11
2018-05-29,2950,2,B,B4.2,4.274000000e-07,8
2018-05-30,2951,2,B,B1.9,1.988000000e-07,8
2018-05-31,2952,2,B,B7.6,7.621000000e-07,18
2018-06-01,2953,2,B,B4.2,4.213000000e-07,10
2018-06-02,2954,2,B,B4.6,4.607000000e-07,18
2018-06-03,2955,3,C,C1.2,1.214000000e-06,12
2018-06-04,2956,2,B,B1.4,1.422000000e-07,4
2018-06-05,2957,2,B,B1.0,1.059000000e-07,1
2018-06-06,2958,3,C,C1.6,1.675000000e-06,4
2018-06-07,2959,0,none,,,0
2018-06-08,2960,0,none,,,0
2018-06-09,2961,0,none,,,0
2018-06-10,2962,0,none,,,0
2018-06-11,2963,2,B,B2.8,2.858000000e-07,3
2018-06-12,2964,2,B,B1.7,1.798000000e-07,3
2018-06-13,2965,0,none,,,0
2018-06-14,2966,0,none,,,0
2018-06-15,2967,2,B,B1.7,1.784000000e-07,2
2018-06-16,2968,2,B,B2.4,2.437000000e-07,2
2018-06-17,2969,2,B,B1.6,1.690000000e-07,6
2018-06-18,2970,2,B,B2.0,2.054000000e-07,8
2018-06-19,2971,2,B,B2.7,2.739000000e-07,7
2018-06-20,2972,2,B,B9.5,9.553000000e-07,12
2018-06-21,2973,3,C,C3.2,3.292000000e-06,3
2018-06-22,2974,2,B,B3.8,3.856000000e-07,9
2018-06-23,2975,2,B,B7.2,7.292000000e-07,18
2018-06-24,2976,3,C,C1.3,1.325000000e-06,12
2018-06-25,2977,2,B,B3.8,3.831000000e-07,4
2018-06-26,2978,0,none,,,0
2018-06-27,2979,2,B,B3.3,3.371000000e-07,3
2018-06-28,2980,0,none,,,0
2018-06-29,2981,0,none,,,0
2018-06-30,2982,0,none,,,0
2018-07-01,2983,0,none,,,0
2018-07-02,2984,0,none,,,0
2018-07-03,2985,0,none,,,0
2018-07-04,2986,0,none,,,0
2018-07-05,2987,0,none,,,0
2018-07-06,2988,3,C,C2.6,2.615000000e-06,2
2018-07-07,2989,2,B,B1.9,1.968000000e-07,4
2018-07-08,2990,2,B,B1.4,1.467000000e-07,1
2018-07-09,2991,0,none,,,0
2018-07-10,2992,0,none,,,0
2018-07-11,2993,0,none,,,0
2018-07-12,2994,0,none,,,0
2018-07-13,2995,0,none,,,0
2018-07-14,2996,0,none,,,0
2018-07-15,2997,2,B,B2.3,2.317000000e-07,2
2018-07-16,2998,0,none,,,0
2018-07-17,2999,0,none,,,0
2018-07-18,3000,0,none,,,0
2018-07-19,3001,0,none,,,0
2018-07-20,3002,0,none,,,0
2018-07-21,3003,0,none,,,0
2018-07-22,3004,0,none,,,0
2018-07-23,3005,0,none,,,0
2018-07-24,3006,0,none,,,0
2018-07-25,3007,0,none,,,0
2018-07-26,3008,0,none,,,0
2018-07-27,3009,0,none,,,0
2018-07-28,3010,2,B,B1.0,1.034000000e-07,1
2018-07-29,3011,2,B,B1.3,1.333000000e-07,1
2018-07-30,3012,0,none,,,0
2018-07-31,3013,0,none,,,0
2018-08-01,3014,0,none,,,0
2018-08-02,3015,0,none,,,0
2018-08-03,3016,0,none,,,0
2018-08-04,3017,0,none,,,0
2018-08-05,3018,0,none,,,0
2018-08-06,3019,0,none,,,0
2018-08-07,3020,0,none,,,0
2018-08-08,3021,0,none,,,0
2018-08-09,3022,0,none,,,0
2018-08-10,3023,0,none,,,0
2018-08-11,3024,0,none,,,0
2018-08-12,3025,0,none,,,0
2018-08-13,3026,0,none,,,0
2018-08-14,3027,2,B,B1.4,1.439000000e-07,1
2018-08-15,3028,0,none,,,0
2018-08-16,3029,2,B,B1.3,1.344000000e-07,1
2018-08-17,3030,0,none,,,0
2018-08-18,3031,0,none,,,0
2018-08-19,3032,0,none,,,0
2018-08-20,3033,0,none,,,0
2018-08-21,3034,0,none,,,0
2018-08-22,3035,0,none,,,0
2018-08-23,3036,0,none,,,0
2018-08-24,3037,2,B,B2.6,2.615000000e-07,3
2018-08-25,3038,2,B,B6.3,6.367000000e-07,11
2018-08-26,3039,2,B,B1.1,1.108000000e-07,1
2018-08-27,3040,0,none,,,0
2018-08-28,3041,0,none,,,0
2018-08-29,3042,0,none,,,0
2018-08-30,3043,0,none,,,0
2018-08-31,3044,0,none,,,0
2018-09-01,3045,0,none,,,0
2018-09-02,3046,0,none,,,0
2018-09-03,3047,0,none,,,0
2018-09-04,3048,0,none,,,0
2018-09-05,3049,0,none,,,0
2018-09-06,3050,0,none,,,0
2018-09-07,3051,0,none,,,0
2018-09-08,3052,0,none,,,0
2018-09-09,3053,0,none,,,0
2018-09-10,3054,0,none,,,0
2018-09-11,3055,0,none,,,0
2018-09-12,3056,0,none,,,0
2018-09-13,3057,0,none,,,0
2018-09-14,3058,0,none,,,0
2018-09-15,3059,0,none,,,0
2018-09-16,3060,0,none,,,0
2018-09-17,3061,0,none,,,0
2018-09-18,3062,0,none,,,0
2018-09-19,3063,0,none,,,0
2018-09-20,3064,0,none,,,0
2018-09-21,3065,0,none,,,0
2018-09-22,3066,0,none,,,0
2018-09-23,3067,0,none,,,0
2018-09-24,3068,0,none,,,0
2018-09-25,3069,0,none,,,0
2018-09-26,3070,0,none,,,0
2018-09-27,3071,0,none,,,0
2018-09-28,3072,0,none,,,0
2018-09-29,3073,0,none,,,0
2018-09-30,3074,0,none,,,0
2018-10-01,3075,0,none,,,0
2018-10-02,3076,2,B,B1.4,1.469000000e-07,1
2018-10-03,3077,0,none,,,0
2018-10-04,3078,0,none,,,0
2018-10-05,3079,0,none,,,0
2018-10-06,3080,0,none,,,0
2018-10-07,3081,0,none,,,0
2018-10-08,3082,0,none,,,0
2018-10-09,3083,0,none,,,0
2018-10-10,3084,2,B,B2.2,2.228000000e-07,1
2018-10-11,3085,0,none,,,0
2018-10-12,3086,3,C,C1.1,1.109000000e-06,4
2018-10-13,3087,2,B,B3.8,3.874000000e-07,1
2018-10-14,3088,0,none,,,0
2018-10-15,3089,0,none,,,0
2018-10-16,3090,0,none,,,0
2018-10-17,3091,0,none,,,0
2018-10-18,3092,0,none,,,0
2018-10-19,3093,0,none,,,0
2018-10-20,3094,0,none,,,0
2018-10-21,3095,0,none,,,0
2018-10-22,3096,0,none,,,0
2018-10-23,3097,0,none,,,0
2018-10-24,3098,0,none,,,0
2018-10-25,3099,0,none,,,0
2018-10-26,3100,0,none,,,0
2018-10-27,3101,0,none,,,0
2018-10-28,3102,0,none,,,0
2018-10-29,3103,0,none,,,0
2018-10-30,3104,0,none,,,0
2018-10-31,3105,0,none,,,0
2018-11-01,3106,0,none,,,0
2018-11-02,3107,0,none,,,0
2018-11-03,3108,0,none,,,0
2018-11-04,3109,0,none,,,0
2018-11-05,3110,0,none,,,0
2018-11-06,3111,0,none,,,0
2018-11-07,3112,0,none,,,0
2018-11-08,3113,0,none,,,0
2018-11-09,3114,0,none,,,0
2018-11-10,3115,0,none,,,0
2018-11-11,3116,0,none,,,0
2018-11-12,3117,0,none,,,0
2018-11-13,3118,0,none,,,0
2018-11-14,3119,0,none,,,0
2018-11-15,3120,0,none,,,0
2018-11-16,3121,0,none,,,0
2018-11-17,3122,0,none,,,0
2018-11-18,3123,2,B,B1.0,1.066000000e-07,1
2018-11-19,3124,0,none,,,0
2018-11-20,3125,0,none,,,0
2018-11-21,3126,0,none,,,0
2018-11-22,3127,0,none,,,0
2018-11-23,3128,0,none,,,0
2018-11-24,3129,0,none,,,0
2018-11-25,3130,0,none,,,0
2018-11-26,3131,0,none,,,0
2018-11-27,3132,0,none,,,0
2018-11-28,3133,0,none,,,0
2018-11-29,3134,0,none,,,0
2018-11-30,3135,0,none,,,0
2018-12-01,3136,0,none,,,0
2018-12-02,3137,0,none,,,0
2018-12-03,3138,0,none,,,0
2018-12-04,3139,0,none,,,0
2018-12-05,3140,2,B,B2.1,2.171000000e-07,3
2018-12-06,3141,0,none,,,0
2018-12-07,3142,2,B,B1.2,1.234000000e-07,1
2018-12-08,3143,0,none,,,0
2018-12-09,3144,2,B,B3.4,3.484000000e-07,9
2018-12-10,3145,0,none,,,0
2018-12-11,3146,0,none,,,0
2018-12-12,3147,0,none,,,0
2018-12-13,3148,0,none,,,0
2018-12-14,3149,0,none,,,0
2018-12-15,3150,2,B,B1.4,1.401000000e-07,1
2018-12-16,3151,0,none,,,0
2018-12-17,3152,0,none,,,0
2018-12-18,3153,0,none,,,0
2018-12-19,3154,0,none,,,0
2018-12-20,3155,0,none,,,0
2018-12-21,3156,0,none,,,0
2018-12-22,3157,0,none,,,0
2018-12-23,3158,0,none,,,0
2018-12-24,3159,0,none,,,0
2018-12-25,3160,0,none,,,0
2018-12-26,3161,0,none,,,0
2018-12-27,3162,0,none,,,0
2018-12-28,3163,0,none,,,0
2018-12-29,3164,0,none,,,0
2018-12-30,3165,0,none,,,0
2018-12-31,3166,0,none,,,0
2019-01-01,3167,0,none,,,0
2019-01-02,3168,2,B,B4.3,4.321000000e-07,2
2019-01-03,3169,2,B,B2.7,2.799000000e-07,3
2019-01-04,3170,2,B,B6.5,6.524000000e-07,1
2019-01-05,3171,0,none,,,0
2019-01-06,3172,3,C,C2.5,2.585000000e-06,10
2019-01-07,3173,0,none,,,0
2019-01-08,3174,0,none,,,0
2019-01-09,3175,0,none,,,0
2019-01-10,3176,0,none,,,0
2019-01-11,3177,0,none,,,0
2019-01-12,3178,0,none,,,0
2019-01-13,3179,0,none,,,0
2019-01-14,3180,0,none,,,0
2019-01-15,3181,0,none,,,0
2019-01-16,3182,0,none,,,0
2019-01-17,3183,0,none,,,0
2019-01-18,3184,0,none,,,0
2019-01-19,3185,0,none,,,0
2019-01-20,3186,0,none,,,0
2019-01-21,3187,0,none,,,0
2019-01-22,3188,0,none,,,0
2019-01-23,3189,0,none,,,0
2019-01-24,3190,2,B,B1.4,1.473000000e-07,2
2019-01-25,3191,3,C,C1.0,1.060000000e-06,24
2019-01-26,3192,3,C,C7.7,7.727000000e-06,22
2019-01-27,3193,0,none,,,0
2019-01-28,3194,2,B,B2.8,2.882000000e-07,10
2019-01-29,3195,3,C,C3.2,3.279000000e-06,17
2019-01-30,3196,3,C,C8.2,8.232000000e-06,26
2019-01-31,3197,3,C,C1.1,1.132000000e-06,7
2019-02-01,3198,2,B,B2.7,2.705000000e-07,4
2019-02-02,3199,0,none,,,0
2019-02-03,3200,0,none,,,0
2019-02-04,3201,0,none,,,0
2019-02-05,3202,0,none,,,0
2019-02-06,3203,0,none,,,0
2019-02-07,3204,0,none,,,0
2019-02-08,3205,0,none,,,0
2019-02-09,3206,0,none,,,0
2019-02-10,3207,0,none,,,0
2019-02-11,3208,0,none,,,0
2019-02-12,3209,0,none,,,0
2019-02-13,3210,0,none,,,0
2019-02-14,3211,0,none,,,0
2019-02-15,3212,0,none,,,0
2019-02-16,3213,0,none,,,0
2019-02-17,3214,0,none,,,0
2019-02-18,3215,0,none,,,0
2019-02-19,3216,0,none,,,0
2019-02-20,3217,2,B,B1.5,1.565000000e-07,2
2019-02-21,3218,0,none,,,0
2019-02-22,3219,0,none,,,0
2019-02-23,3220,0,none,,,0
2019-02-24,3221,0,none,,,0
2019-02-25,3222,0,none,,,0
2019-02-26,3223,0,none,,,0
2019-02-27,3224,0,none,,,0
2019-02-28,3225,0,none,,,0
2019-03-01,3226,0,none,,,0
2019-03-02,3227,0,none,,,0
2019-03-03,3228,0,none,,,0
2019-03-04,3229,0,none,,,0
2019-03-05,3230,0,none,,,0
2019-03-06,3231,2,B,B1.0,1.079000000e-07,2
2019-03-07,3232,0,none,,,0
2019-03-08,3233,3,C,C2.1,2.105000000e-06,2
2019-03-09,3234,2,B,B9.8,9.826000000e-07,1
2019-03-10,3235,0,none,,,0
2019-03-11,3236,0,none,,,0
2019-03-12,3237,0,none,,,0
2019-03-13,3238,0,none,,,0
2019-03-14,3239,0,none,,,0
2019-03-15,3240,0,none,,,0
2019-03-16,3241,0,none,,,0
2019-03-17,3242,0,none,,,0
2019-03-18,3243,2,B,B2.8,2.871000000e-07,7
2019-03-19,3244,0,none,,,0
2019-03-20,3245,3,C,C7.5,7.559000000e-06,19
2019-03-21,3246,3,C,C8.7,8.749000000e-06,18
2019-03-22,3247,3,C,C7.7,7.709000000e-06,34
2019-03-23,3248,3,C,C1.4,1.437000000e-06,28
2019-03-24,3249,3,C,C1.5,1.546000000e-06,21
2019-03-25,3250,2,B,B6.9,6.902000000e-07,16
2019-03-26,3251,0,none,,,0
2019-03-27,3252,0,none,,,0
2019-03-28,3253,0,none,,,0
2019-03-29,3254,0,none,,,0
2019-03-30,3255,0,none,,,0
2019-03-31,3256,0,none,,,0
2019-04-01,3257,0,none,,,0
2019-04-02,3258,0,none,,,0
2019-04-03,3259,0,none,,,0
2019-04-04,3260,0,none,,,0
2019-04-05,3261,2,B,B1.0,1.086000000e-07,1
2019-04-06,3262,2,B,B1.9,1.910000000e-07,2
2019-04-07,3263,3,C,C1.2,1.220000000e-06,9
2019-04-08,3264,2,B,B9.1,9.146000000e-07,10
2019-04-09,3265,2,B,B7.1,7.131000000e-07,9
2019-04-10,3266,2,B,B4.1,4.115000000e-07,8
2019-04-11,3267,2,B,B2.2,2.229000000e-07,6
2019-04-12,3268,3,C,C1.1,1.130000000e-06,9
2019-04-13,3269,2,B,B2.6,2.654000000e-07,11
2019-04-14,3270,2,B,B1.5,1.591000000e-07,7
2019-04-15,3271,2,B,B5.5,5.508000000e-07,1
2019-04-16,3272,0,none,,,0
2019-04-17,3273,0,none,,,0
2019-04-18,3274,0,none,,,0
2019-04-19,3275,2,B,B1.1,1.167000000e-07,1
2019-04-20,3276,3,C,C1.1,1.190000000e-06,5
2019-04-21,3277,0,none,,,0
2019-04-22,3278,0,none,,,0
2019-04-23,3279,0,none,,,0
2019-04-24,3280,0,none,,,0
2019-04-25,3281,0,none,,,0
2019-04-26,3282,0,none,,,0
2019-04-27,3283,0,none,,,0
2019-04-28,3284,0,none,,,0
2019-04-29,3285,0,none,,,0
2019-04-30,3286,0,none,,,0
2019-05-01,3287,0,none,,,0
2019-05-02,3288,0,none,,,0
2019-05-03,3289,3,C,C1.4,1.455000000e-06,4
2019-05-04,3290,3,C,C3.1,3.180000000e-06,6
2019-05-05,3291,3,C,C1.4,1.450000000e-06,13
2019-05-06,3292,4,M,M1.5,1.514000000e-05,26
2019-05-07,3293,3,C,C2.0,2.075000000e-06,19
2019-05-08,3294,2,B,B5.6,5.606000000e-07,6
2019-05-09,3295,4,M,M1.0,1.033000000e-05,3
2019-05-10,3296,2,B,B2.4,2.425000000e-07,6
2019-05-11,3297,0,none,,,0
2019-05-12,3298,2,B,B4.6,4.633000000e-07,3
2019-05-13,3299,2,B,B4.6,4.646000000e-07,3
2019-05-14,3300,2,B,B1.0,1.038000000e-07,1
2019-05-15,3301,3,C,C3.0,3.045000000e-06,4
2019-05-16,3302,0,none,,,0
2019-05-17,3303,0,none,,,0
2019-05-18,3304,0,none,,,0
2019-05-19,3305,0,none,,,0
2019-05-20,3306,0,none,,,0
2019-05-21,3307,0,none,,,0
2019-05-22,3308,0,none,,,0
2019-05-23,3309,0,none,,,0
2019-05-24,3310,0,none,,,0
2019-05-25,3311,0,none,,,0
2019-05-26,3312,0,none,,,0
2019-05-27,3313,0,none,,,0
2019-05-28,3314,0,none,,,0
2019-05-29,3315,0,none,,,0
2019-05-30,3316,0,none,,,0
2019-05-31,3317,0,none,,,0
2019-06-01,3318,2,B,B2.4,2.491000000e-07,1
2019-06-02,3319,0,none,,,0
2019-06-03,3320,0,none,,,0
2019-06-04,3321,0,none,,,0
2019-06-05,3322,0,none,,,0
2019-06-06,3323,0,none,,,0
2019-06-07,3324,0,none,,,0
2019-06-08,3325,0,none,,,0
2019-06-09,3326,0,none,,,0
2019-06-10,3327,0,none,,,0
2019-06-11,3328,0,none,,,0
2019-06-12,3329,0,none,,,0
2019-06-13,3330,0,none,,,0
2019-06-14,3331,0,none,,,0
2019-06-15,3332,0,none,,,0
2019-06-16,3333,0,none,,,0
2019-06-17,3334,0,none,,,0
2019-06-18,3335,0,none,,,0
2019-06-19,3336,0,none,,,0
2019-06-20,3337,0,none,,,0
2019-06-21,3338,0,none,,,0
2019-06-22,3339,0,none,,,0
2019-06-23,3340,0,none,,,0
2019-06-24,3341,0,none,,,0
2019-06-25,3342,0,none,,,0
2019-06-26,3343,0,none,,,0
2019-06-27,3344,0,none,,,0
2019-06-28,3345,0,none,,,0
2019-06-29,3346,0,none,,,0
2019-06-30,3347,0,none,,,0
2019-07-01,3348,0,none,,,0
2019-07-02,3349,0,none,,,0
2019-07-03,3350,0,none,,,0
2019-07-04,3351,0,none,,,0
2019-07-05,3352,0,none,,,0
2019-07-06,3353,2,B,B4.6,4.643000000e-07,1
2019-07-07,3354,0,none,,,0
2019-07-08,3355,0,none,,,0
2019-07-09,3356,0,none,,,0
2019-07-10,3357,0,none,,,0
2019-07-11,3358,0,none,,,0
2019-07-12,3359,0,none,,,0
2019-07-13,3360,0,none,,,0
2019-07-14,3361,0,none,,,0
2019-07-15,3362,0,none,,,0
2019-07-16,3363,0,none,,,0
2019-07-17,3364,0,none,,,0
2019-07-18,3365,0,none,,,0
2019-07-19,3366,0,none,,,0
2019-07-20,3367,0,none,,,0
2019-07-21,3368,0,none,,,0
2019-07-22,3369,0,none,,,0
2019-07-23,3370,0,none,,,0
2019-07-24,3371,0,none,,,0
2019-07-25,3372,0,none,,,0
2019-07-26,3373,0,none,,,0
2019-07-27,3374,0,none,,,0
2019-07-28,3375,0,none,,,0
2019-07-29,3376,0,none,,,0
2019-07-30,3377,0,none,,,0
2019-07-31,3378,0,none,,,0
2019-08-01,3379,0,none,,,0
2019-08-02,3380,0,none,,,0
2019-08-03,3381,0,none,,,0
2019-08-04,3382,0,none,,,0
2019-08-05,3383,0,none,,,0
2019-08-06,3384,0,none,,,0
2019-08-07,3385,0,none,,,0
2019-08-08,3386,0,none,,,0
2019-08-09,3387,0,none,,,0
2019-08-10,3388,0,none,,,0
2019-08-11,3389,0,none,,,0
2019-08-12,3390,0,none,,,0
2019-08-13,3391,0,none,,,0
2019-08-14,3392,0,none,,,0
2019-08-15,3393,0,none,,,0
2019-08-16,3394,0,none,,,0
2019-08-17,3395,0,none,,,0
2019-08-18,3396,0,none,,,0
2019-08-19,3397,0,none,,,0
2019-08-20,3398,0,none,,,0
2019-08-21,3399,0,none,,,0
2019-08-22,3400,0,none,,,0
2019-08-23,3401,0,none,,,0
2019-08-24,3402,0,none,,,0
2019-08-25,3403,0,none,,,0
2019-08-26,3404,0,none,,,0
2019-08-27,3405,0,none,,,0
2019-08-28,3406,0,none,,,0
2019-08-29,3407,0,none,,,0
2019-08-30,3408,0,none,,,0
2019-08-31,3409,0,none,,,0
2019-09-01,3410,0,none,,,0
2019-09-02,3411,0,none,,,0
2019-09-03,3412,0,none,,,0
2019-09-04,3413,0,none,,,0
2019-09-05,3414,0,none,,,0
2019-09-06,3415,0,none,,,0
2019-09-07,3416,0,none,,,0
2019-09-08,3417,0,none,,,0
2019-09-09,3418,0,none,,,0
2019-09-10,3419,0,none,,,0
2019-09-11,3420,0,none,,,0
2019-09-12,3421,0,none,,,0
2019-09-13,3422,0,none,,,0
2019-09-14,3423,0,none,,,0
2019-09-15,3424,0,none,,,0
2019-09-16,3425,0,none,,,0
2019-09-17,3426,0,none,,,0
2019-09-18,3427,0,none,,,0
2019-09-19,3428,0,none,,,0
2019-09-20,3429,0,none,,,0
2019-09-21,3430,0,none,,,0
2019-09-22,3431,0,none,,,0
2019-09-23,3432,0,none,,,0
2019-09-24,3433,0,none,,,0
2019-09-25,3434,0,none,,,0
2019-09-26,3435,0,none,,,0
2019-09-27,3436,0,none,,,0
2019-09-28,3437,0,none,,,0
2019-09-29,3438,0,none,,,0
2019-09-30,3439,2,B,B1.4,1.421000000e-07,1
2019-10-01,3440,2,B,B1.5,1.570000000e-07,1
2019-10-02,3441,0,none,,,0
2019-10-03,3442,0,none,,,0
2019-10-04,3443,0,none,,,0
2019-10-05,3444,0,none,,,0
2019-10-06,3445,0,none,,,0
2019-10-07,3446,0,none,,,0
2019-10-08,3447,0,none,,,0
2019-10-09,3448,0,none,,,0
2019-10-10,3449,0,none,,,0
2019-10-11,3450,0,none,,,0
2019-10-12,3451,0,none,,,0
2019-10-13,3452,0,none,,,0
2019-10-14,3453,0,none,,,0
2019-10-15,3454,0,none,,,0
2019-10-16,3455,0,none,,,0
2019-10-17,3456,0,none,,,0
2019-10-18,3457,0,none,,,0
2019-10-19,3458,0,none,,,0
2019-10-20,3459,0,none,,,0
2019-10-21,3460,0,none,,,0
2019-10-22,3461,0,none,,,0
2019-10-23,3462,0,none,,,0
2019-10-24,3463,0,none,,,0
2019-10-25,3464,0,none,,,0
2019-10-26,3465,0,none,,,0
2019-10-27,3466,0,none,,,0
2019-10-28,3467,0,none,,,0
2019-10-29,3468,0,none,,,0
2019-10-30,3469,0,none,,,0
2019-10-31,3470,0,none,,,0
2019-11-01,3471,0,none,,,0
2019-11-02,3472,0,none,,,0
2019-11-03,3473,0,none,,,0
2019-11-04,3474,0,none,,,0
2019-11-05,3475,0,none,,,0
2019-11-06,3476,0,none,,,0
2019-11-07,3477,0,none,,,0
2019-11-08,3478,0,none,,,0
2019-11-09,3479,0,none,,,0
2019-11-10,3480,0,none,,,0
2019-11-11,3481,0,none,,,0
2019-11-12,3482,0,none,,,0
2019-11-13,3483,0,none,,,0
2019-11-14,3484,0,none,,,0
2019-11-15,3485,0,none,,,0
2019-11-16,3486,0,none,,,0
2019-11-17,3487,0,none,,,0
2019-11-18,3488,0,none,,,0
2019-11-19,3489,0,none,,,0
2019-11-20,3490,0,none,,,0
2019-11-21,3491,0,none,,,0
2019-11-22,3492,0,none,,,0
2019-11-23,3493,0,none,,,0
2019-11-24,3494,0,none,,,0
2019-11-25,3495,0,none,,,0
2019-11-26,3496,0,none,,,0
2019-11-27,3497,0,none,,,0
2019-11-28,3498,0,none,,,0
2019-11-29,3499,0,none,,,0
2019-11-30,3500,0,none,,,0
2019-12-01,3501,0,none,,,0
2019-12-02,3502,0,none,,,0
2019-12-03,3503,0,none,,,0
2019-12-04,3504,0,none,,,0
2019-12-05,3505,0,none,,,0
2019-12-06,3506,0,none,,,0
2019-12-07,3507,0,none,,,0
2019-12-08,3508,0,none,,,0
2019-12-09,3509,0,none,,,0
2019-12-10,3510,0,none,,,0
2019-12-11,3511,0,none,,,0
2019-12-12,3512,0,none,,,0
2019-12-13,3513,0,none,,,0
2019-12-14,3514,0,none,,,0
2019-12-15,3515,0,none,,,0
2019-12-16,3516,0,none,,,0
2019-12-17,3517,0,none,,,0
2019-12-18,3518,0,none,,,0
2019-12-19,3519,0,none,,,0
2019-12-20,3520,0,none,,,0
2019-12-21,3521,0,none,,,0
2019-12-22,3522,0,none,,,0
2019-12-23,3523,0,none,,,0
2019-12-24,3524,0,none,,,0
2019-12-25,3525,0,none,,,0
2019-12-26,3526,0,none,,,0
2019-12-27,3527,0,none,,,0
2019-12-28,3528,0,none,,,0
2019-12-29,3529,0,none,,,0
2019-12-30,3530,0,none,,,0
2019-12-31,3531,0,none,,,0
2020-01-01,3532,0,none,,,0
2020-01-02,3533,0,none,,,0
2020-01-03,3534,0,none,,,0
2020-01-04,3535,0,none,,,0
2020-01-05,3536,0,none,,,0
2020-01-06,3537,0,none,,,0
2020-01-07,3538,0,none,,,0
2020-01-08,3539,0,none,,,0
2020-01-09,3540,0,none,,,0
2020-01-10,3541,2,B,B1.1,1.141000000e-07,2
2020-01-11,3542,0,none,,,0
2020-01-12,3543,0,none,,,0
2020-01-13,3544,0,none,,,0
2020-01-14,3545,0,none,,,0
2020-01-15,3546,0,none,,,0
2020-01-16,3547,0,none,,,0
2020-01-17,3548,0,none,,,0
2020-01-18,3549,0,none,,,0
2020-01-19,3550,0,none,,,0
2020-01-20,3551,0,none,,,0
2020-01-21,3552,0,none,,,0
2020-01-22,3553,0,none,,,0
2020-01-23,3554,0,none,,,0
2020-01-24,3555,0,none,,,0
2020-01-25,3556,0,none,,,0
2020-01-26,3557,0,none,,,0
2020-01-27,3558,0,none,,,0
2020-01-28,3559,0,none,,,0
2020-01-29,3560,0,none,,,0
2020-01-30,3561,0,none,,,0
2020-01-31,3562,0,none,,,0
2020-02-01,3563,0,none,,,0
2020-02-02,3564,0,none,,,0
2020-02-03,3565,0,none,,,0
2020-02-04,3566,0,none,,,0
2020-02-05,3567,0,none,,,0
2020-02-06,3568,0,none,,,0
2020-02-07,3569,0,none,,,0
2020-02-08,3570,0,none,,,0
2020-02-09,3571,0,none,,,0
2020-02-10,3572,0,none,,,0
2020-02-11,3573,0,none,,,0
2020-02-12,3574,0,none,,,0
2020-02-13,3575,0,none,,,0
2020-02-14,3576,0,none,,,0
2020-02-15,3577,0,none,,,0
2020-02-16,3578,0,none,,,0
2020-02-17,3579,0,none,,,0
2020-02-18,3580,0,none,,,0
2020-02-19,3581,0,none,,,0
2020-02-20,3582,0,none,,,0
2020-02-21,3583,0,none,,,0
2020-02-22,3584,0,none,,,0
2020-02-23,3585,0,none,,,0
2020-02-24,3586,0,none,,,0
2020-02-25,3587,0,none,,,0
2020-02-26,3588,0,none,,,0
2020-02-27,3589,0,none,,,0
2020-02-28,3590,0,none,,,0
2020-02-29,3591,0,none,,,0
2020-03-01,3592,0,none,,,0
2020-03-02,3593,0,none,,,0
2020-03-03,3594,0,none,,,0
2020-03-04,3595,0,none,,,0
2020-03-05,3596,0,none,,,0
2020-03-06,3597,0,none,,,0
2020-03-07,3598,0,none,,,0
2020-03-08,3599,0,none,,,0
2020-03-09,3600,0,none,,,0
2020-03-10,3601,0,none,,,0
2020-03-11,3602,2,B,B2.4,2.426000000e-07,1
2020-03-12,3603,0,none,,,0
2020-03-13,3604,0,none,,,0
2020-03-14,3605,0,none,,,0
2020-03-15,3606,0,none,,,0
2020-03-16,3607,0,none,,,0
2020-03-17,3608,0,none,,,0
2020-03-18,3609,0,none,,,0
2020-03-19,3610,0,none,,,0
2020-03-20,3611,0,none,,,0
2020-03-21,3612,0,none,,,0
2020-03-22,3613,0,none,,,0
2020-03-23,3614,0,none,,,0
2020-03-24,3615,0,none,,,0
2020-03-25,3616,0,none,,,0
2020-03-26,3617,0,none,,,0
2020-03-27,3618,0,none,,,0
2020-03-28,3619,0,none,,,0
2020-03-29,3620,0,none,,,0
2020-03-30,3621,0,none,,,0
2020-03-31,3622,0,none,,,0
2020-04-01,3623,0,none,,,0
2020-04-02,3624,0,none,,,0
2020-04-03,3625,0,none,,,0
2020-04-04,3626,2,B,B4.1,4.191000000e-07,2
2020-04-05,3627,0,none,,,0
2020-04-06,3628,2,B,B2.5,2.536000000e-07,2
2020-04-07,3629,2,B,B4.4,4.489000000e-07,1
2020-04-08,3630,0,none,,,0
2020-04-09,3631,2,B,B1.5,1.577000000e-07,2
2020-04-10,3632,0,none,,,0
2020-04-11,3633,0,none,,,0
2020-04-12,3634,0,none,,,0
2020-04-13,3635,0,none,,,0
2020-04-14,3636,0,none,,,0
2020-04-15,3637,0,none,,,0
2020-04-16,3638,0,none,,,0
2020-04-17,3639,0,none,,,0
2020-04-18,3640,0,none,,,0
2020-04-19,3641,0,none,,,0
2020-04-20,3642,0,none,,,0
2020-04-21,3643,0,none,,,0
2020-04-22,3644,0,none,,,0
2020-04-23,3645,0,none,,,0
2020-04-24,3646,0,none,,,0
2020-04-25,3647,0,none,,,0
2020-04-26,3648,0,none,,,0
2020-04-27,3649,0,none,,,0
2020-04-28,3650,0,none,,,0
2020-04-29,3651,0,none,,,0
2020-04-30,3652,2,B,B1.3,1.325000000e-07,1
2020-05-01,3653,2,B,B2.5,2.598000000e-07,1
2020-05-02,3654,0,none,,,0
2020-05-03,3655,0,none,,,0
2020-05-04,3656,0,none,,,0
2020-05-05,3657,0,none,,,0
2020-05-06,3658,0,none,,,0
2020-05-07,3659,0,none,,,0
2020-05-08,3660,0,none,,,0
2020-05-09,3661,0,none,,,0
2020-05-10,3662,0,none,,,0
2020-05-11,3663,0,none,,,0
2020-05-12,3664,0,none,,,0
2020-05-13,3665,0,none,,,0
2020-05-14,3666,0,none,,,0
2020-05-15,3667,0,none,,,0
2020-05-16,3668,0,none,,,0
2020-05-17,3669,0,none,,,0
2020-05-18,3670,0,none,,,0
2020-05-19,3671,0,none,,,0
2020-05-20,3672,0,none,,,0
2020-05-21,3673,0,none,,,0
2020-05-22,3674,0,none,,,0
2020-05-23,3675,0,none,,,0
2020-05-24,3676,0,none,,,0
2020-05-25,3677,0,none,,,0
2020-05-26,3678,0,none,,,0
2020-05-27,3679,2,B,B1.4,1.437000000e-07,2
2020-05-28,3680,2,B,B2.9,2.973000000e-07,4
2020-05-29,3681,4,M,M1.1,1.191000000e-05,17
2020-05-30,3682,0,none,,,0
2020-05-31,3683,0,none,,,0
2020-06-01,3684,0,none,,,0
2020-06-02,3685,2,B,B2.9,2.906000000e-07,3
2020-06-03,3686,0,none,,,0
2020-06-04,3687,2,B,B3.4,3.483000000e-07,1
2020-06-05,3688,2,B,B1.1,1.122000000e-07,2
2020-06-06,3689,2,B,B2.7,2.725000000e-07,6
2020-06-07,3690,2,B,B6.4,6.428000000e-07,3
2020-06-08,3691,0,none,,,0
2020-06-09,3692,2,B,B1.5,1.534000000e-07,2
2020-06-10,3693,0,none,,,0
2020-06-11,3694,0,none,,,0
2020-06-12,3695,0,none,,,0
2020-06-13,3696,0,none,,,0
2020-06-14,3697,0,none,,,0
2020-06-15,3698,0,none,,,0
2020-06-16,3699,0,none,,,0
2020-06-17,3700,0,none,,,0
2020-06-18,3701,0,none,,,0
2020-06-19,3702,0,none,,,0
2020-06-20,3703,0,none,,,0
2020-06-21,3704,0,none,,,0
2020-06-22,3705,0,none,,,0
2020-06-23,3706,0,none,,,0
2020-06-24,3707,0,none,,,0
2020-06-25,3708,0,none,,,0
2020-06-26,3709,0,none,,,0
2020-06-27,3710,0,none,,,0
2020-06-28,3711,0,none,,,0
2020-06-29,3712,0,none,,,0
2020-06-30,3713,0,none,,,0
2020-07-01,3714,0,none,,,0
2020-07-02,3715,0,none,,,0
2020-07-03,3716,0,none,,,0
2020-07-04,3717,0,none,,,0
2020-07-05,3718,0,none,,,0
2020-07-06,3719,0,none,,,0
2020-07-07,3720,0,none,,,0
2020-07-08,3721,0,none,,,0
2020-07-09,3722,0,none,,,0
2020-07-10,3723,0,none,,,0
2020-07-11,3724,0,none,,,0
2020-07-12,3725,0,none,,,0
2020-07-13,3726,0,none,,,0
2020-07-14,3727,0,none,,,0
2020-07-15,3728,0,none,,,0
2020-07-16,3729,0,none,,,0
2020-07-17,3730,0,none,,,0
2020-07-18,3731,0,none,,,0
2020-07-19,3732,0,none,,,0
2020-07-20,3733,0,none,,,0
2020-07-21,3734,0,none,,,0
2020-07-22,3735,0,none,,,0
2020-07-23,3736,0,none,,,0
2020-07-24,3737,0,none,,,0
2020-07-25,3738,0,none,,,0
2020-07-26,3739,0,none,,,0
2020-07-27,3740,0,none,,,0
2020-07-28,3741,0,none,,,0
2020-07-29,3742,0,none,,,0
2020-07-30,3743,0,none,,,0
2020-07-31,3744,0,none,,,0
2020-08-01,3745,2,B,B1.9,1.925000000e-07,1
2020-08-02,3746,0,none,,,0
2020-08-03,3747,2,B,B3.0,3.034000000e-07,7
2020-08-04,3748,0,none,,,0
2020-08-05,3749,2,B,B1.3,1.373000000e-07,1
2020-08-06,3750,2,B,B2.1,2.178000000e-07,1
2020-08-07,3751,0,none,,,0
2020-08-08,3752,3,C,C1.5,1.537000000e-06,2
2020-08-09,3753,0,none,,,0
2020-08-10,3754,2,B,B2.3,2.328000000e-07,1
2020-08-11,3755,2,B,B2.8,2.876000000e-07,3
2020-08-12,3756,2,B,B1.9,1.980000000e-07,4
2020-08-13,3757,0,none,,,0
2020-08-14,3758,0,none,,,0
2020-08-15,3759,3,C,C2.0,2.092000000e-06,1
2020-08-16,3760,2,B,B1.2,1.263000000e-07,2
2020-08-17,3761,2,B,B1.0,1.091000000e-07,1
2020-08-18,3762,0,none,,,0
2020-08-19,3763,2,B,B3.9,3.939000000e-07,4
2020-08-20,3764,2,B,B1.2,1.274000000e-07,1
2020-08-21,3765,2,B,B1.6,1.601000000e-07,1
2020-08-22,3766,0,none,,,0
2020-08-23,3767,0,none,,,0
2020-08-24,3768,0,none,,,0
2020-08-25,3769,0,none,,,0
2020-08-26,3770,0,none,,,0
2020-08-27,3771,0,none,,,0
2020-08-28,3772,0,none,,,0
2020-08-29,3773,0,none,,,0
2020-08-30,3774,0,none,,,0
2020-08-31,3775,0,none,,,0
2020-09-01,3776,0,none,,,0
2020-09-02,3777,0,none,,,0
2020-09-03,3778,0,none,,,0
2020-09-04,3779,0,none,,,0
2020-09-05,3780,0,none,,,0
2020-09-06,3781,0,none,,,0
2020-09-07,3782,0,none,,,0
2020-09-08,3783,0,none,,,0
2020-09-09,3784,0,none,,,0
2020-09-10,3785,0,none,,,0
2020-09-11,3786,0,none,,,0
2020-09-12,3787,0,none,,,0
2020-09-13,3788,0,none,,,0
2020-09-14,3789,0,none,,,0
2020-09-15,3790,0,none,,,0
2020-09-16,3791,0,none,,,0
2020-09-17,3792,0,none,,,0
2020-09-18,3793,0,none,,,0
2020-09-19,3794,0,none,,,0
2020-09-20,3795,0,none,,,0
2020-09-21,3796,2,B,B4.3,4.331000000e-07,14
2020-09-22,3797,2,B,B1.0,1.023000000e-07,1
2020-09-23,3798,0,none,,,0
2020-09-24,3799,2,B,B4.7,4.706000000e-07,2
2020-09-25,3800,2,B,B2.8,2.841000000e-07,4
2020-09-26,3801,3,C,C1.0,1.078000000e-06,3
2020-09-27,3802,0,none,,,0
2020-09-28,3803,2,B,B1.5,1.525000000e-07,4
2020-09-29,3804,0,none,,,0
2020-09-30,3805,2,B,B1.1,1.164000000e-07,1
2020-10-01,3806,2,B,B1.3,1.355000000e-07,1
2020-10-02,3807,0,none,,,0
2020-10-03,3808,0,none,,,0
2020-10-04,3809,0,none,,,0
2020-10-05,3810,2,B,B1.0,1.041000000e-07,1
2020-10-06,3811,0,none,,,0
2020-10-07,3812,0,none,,,0
2020-10-08,3813,0,none,,,0
2020-10-09,3814,0,none,,,0
2020-10-10,3815,0,none,,,0
2020-10-11,3816,0,none,,,0
2020-10-12,3817,0,none,,,0
2020-10-13,3818,2,B,B1.4,1.463000000e-07,1
2020-10-14,3819,2,B,B1.7,1.783000000e-07,8
2020-10-15,3820,2,B,B1.4,1.478000000e-07,2
2020-10-16,3821,3,C,C3.5,3.522000000e-06,5
2020-10-17,3822,2,B,B1.3,1.379000000e-07,1
2020-10-18,3823,2,B,B4.0,4.043000000e-07,7
2020-10-19,3824,2,B,B2.8,2.876000000e-07,7
2020-10-20,3825,2,B,B3.6,3.638000000e-07,2
2020-10-21,3826,0,none,,,0
2020-10-22,3827,0,none,,,0
2020-10-23,3828,0,none,,,0
2020-10-24,3829,2,B,B2.2,2.294000000e-07,1
2020-10-25,3830,2,B,B1.8,1.866000000e-07,7
2020-10-26,3831,2,B,B2.2,2.213000000e-07,7
2020-10-27,3832,3,C,C4.3,4.394000000e-06,22
2020-10-28,3833,3,C,C1.4,1.405000000e-06,22
2020-10-29,3834,3,C,C4.3,4.308000000e-06,27
2020-10-30,3835,2,B,B3.5,3.562000000e-07,4
2020-10-31,3836,2,B,B2.0,2.052000000e-07,4
2020-11-01,3837,3,C,C3.4,3.460000000e-06,11
2020-11-02,3838,2,B,B4.4,4.471000000e-07,2
2020-11-03,3839,3,C,C1.1,1.157000000e-06,6
2020-11-04,3840,3,C,C1.8,1.833000000e-06,21
2020-11-05,3841,3,C,C7.3,7.395000000e-06,29
2020-11-06,3842,3,C,C2.8,2.809000000e-06,23
2020-11-07,3843,3,C,C1.8,1.844000000e-06,14
2020-11-08,3844,3,C,C5.7,5.731000000e-06,11
2020-11-09,3845,2,B,B3.0,3.098000000e-07,3
2020-11-10,3846,3,C,C1.3,1.301000000e-06,2
2020-11-11,3847,3,C,C2.6,2.617000000e-06,4
2020-11-12,3848,3,C,C2.5,2.557000000e-06,5
2020-11-13,3849,2,B,B7.3,7.301000000e-07,3
2020-11-14,3850,2,B,B1.8,1.825000000e-07,3
2020-11-15,3851,2,B,B3.3,3.353000000e-07,4
2020-11-16,3852,2,B,B4.8,4.815000000e-07,7
2020-11-17,3853,0,none,,,0
2020-11-18,3854,0,none,,,0
2020-11-19,3855,2,B,B2.0,2.072000000e-07,3
2020-11-20,3856,3,C,C1.9,1.961000000e-06,3
2020-11-21,3857,2,B,B5.8,5.885000000e-07,4
2020-11-22,3858,3,C,C3.3,3.393000000e-06,11
2020-11-23,3859,3,C,C4.3,4.331000000e-06,4
2020-11-24,3860,3,C,C1.1,1.132000000e-06,6
2020-11-25,3861,3,C,C3.3,3.391000000e-06,9
2020-11-26,3862,3,C,C3.8,3.892000000e-06,7
2020-11-27,3863,3,C,C1.5,1.566000000e-06,4
2020-11-28,3864,3,C,C3.1,3.181000000e-06,8
2020-11-29,3865,4,M,M4.4,4.435000000e-05,2
2020-11-30,3866,2,B,B8.8,8.800000000e-07,6
2020-12-01,3867,3,C,C3.8,3.868000000e-06,9
2020-12-02,3868,2,B,B6.6,6.629000000e-07,4
2020-12-03,3869,3,C,C1.7,1.755000000e-06,7
2020-12-04,3870,2,B,B6.2,6.283000000e-07,5
2020-12-05,3871,3,C,C1.6,1.691000000e-06,8
2020-12-06,3872,3,C,C1.6,1.687000000e-06,2
2020-12-07,3873,3,C,C7.4,7.413000000e-06,6
2020-12-08,3874,2,B,B1.6,1.676000000e-07,1
2020-12-09,3875,2,B,B3.2,3.226000000e-07,2
2020-12-10,3876,2,B,B3.1,3.106000000e-07,7
2020-12-11,3877,2,B,B5.8,5.832000000e-07,10
2020-12-12,3878,2,B,B6.6,6.698000000e-07,6
2020-12-13,3879,2,B,B3.1,3.129000000e-07,3
2020-12-14,3880,3,C,C4.0,4.032000000e-06,10
2020-12-15,3881,2,B,B5.6,5.651000000e-07,13
2020-12-16,3882,2,B,B1.8,1.817000000e-07,1
2020-12-17,3883,0,none,,,0
2020-12-18,3884,2,B,B2.0,2.023000000e-07,1
2020-12-19,3885,0,none,,,0
2020-12-20,3886,2,B,B1.1,1.158000000e-07,1
2020-12-21,3887,2,B,B1.2,1.259000000e-07,1
2020-12-22,3888,2,B,B2.7,2.720000000e-07,6
2020-12-23,3889,2,B,B6.1,6.122000000e-07,4
2020-12-24,3890,2,B,B7.2,7.289000000e-07,5
2020-12-25,3891,2,B,B2.0,2.082000000e-07,3
2020-12-26,3892,2,B,B1.3,1.366000000e-07,1
2020-12-27,3893,2,B,B3.3,3.391000000e-07,3
2020-12-28,3894,2,B,B1.7,1.707000000e-07,2
2020-12-29,3895,2,B,B6.6,6.619000000e-07,1
2020-12-30,3896,2,B,B2.8,2.809000000e-07,10
2020-12-31,3897,0,none,,,0
2021-01-01,3898,2,B,B3.1,3.138000000e-07,3
2021-01-02,3899,0,none,,,0
2021-01-03,3900,0,none,,,0
2021-01-04,3901,0,none,,,0
2021-01-05,3902,0,none,,,0
2021-01-06,3903,0,none,,,0
2021-01-07,3904,0,none,,,0
2021-01-08,3905,0,none,,,0
2021-01-09,3906,0,none,,,0
2021-01-10,3907,0,none,,,0
2021-01-11,3908,0,none,,,0
2021-01-12,3909,0,none,,,0
2021-01-13,3910,0,none,,,0
2021-01-14,3911,0,none,,,0
2021-01-15,3912,0,none,,,0
2021-01-16,3913,0,none,,,0
2021-01-17,3914,2,B,B2.8,2.819000000e-07,2
2021-01-18,3915,0,none,,,0
2021-01-19,3916,3,C,C1.0,1.093000000e-06,8
2021-01-20,3917,2,B,B8.7,8.706000000e-07,11
2021-01-21,3918,2,B,B5.4,5.467000000e-07,19
2021-01-22,3919,2,B,B1.5,1.550000000e-07,1
2021-01-23,3920,2,B,B3.0,3.021000000e-07,1
2021-01-24,3921,0,none,,,0
2021-01-25,3922,2,B,B5.0,5.090000000e-07,8
2021-01-26,3923,2,B,B1.2,1.279000000e-07,1
2021-01-27,3924,2,B,B1.2,1.286000000e-07,1
2021-01-28,3925,2,B,B3.3,3.320000000e-07,1
2021-01-29,3926,2,B,B3.8,3.810000000e-07,2
2021-01-30,3927,0,none,,,0
2021-01-31,3928,0,none,,,0
2021-02-01,3929,0,none,,,0
2021-02-02,3930,0,none,,,0
2021-02-03,3931,0,none,,,0
2021-02-04,3932,0,none,,,0
2021-02-05,3933,0,none,,,0
2021-02-06,3934,0,none,,,0
2021-02-07,3935,0,none,,,0
2021-02-08,3936,0,none,,,0
2021-02-09,3937,0,none,,,0
2021-02-10,3938,2,B,B5.7,5.761000000e-07,1
2021-02-11,3939,0,none,,,0
2021-02-12,3940,0,none,,,0
2021-02-13,3941,0,none,,,0
2021-02-14,3942,0,none,,,0
2021-02-15,3943,0,none,,,0
2021-02-16,3944,0,none,,,0
2021-02-17,3945,0,none,,,0
2021-02-18,3946,2,B,B1.2,1.247000000e-07,2
2021-02-19,3947,2,B,B1.7,1.783000000e-07,1
2021-02-20,3948,2,B,B1.1,1.158000000e-07,2
2021-02-21,3949,2,B,B2.3,2.389000000e-07,1
2021-02-22,3950,2,B,B6.5,6.516000000e-07,4
2021-02-23,3951,2,B,B3.2,3.242000000e-07,8
2021-02-24,3952,2,B,B2.5,2.547000000e-07,7
2021-02-25,3953,2,B,B4.5,4.587000000e-07,13
2021-02-26,3954,2,B,B9.4,9.488000000e-07,6
2021-02-27,3955,3,C,C2.7,2.789000000e-06,10
2021-02-28,3956,3,C,C3.9,3.954000000e-06,5
2021-03-01,3957,2,B,B2.2,2.234000000e-07,8
2021-03-02,3958,3,C,C1.2,1.280000000e-06,3
2021-03-03,3959,2,B,B5.1,5.101000000e-07,8
2021-03-04,3960,0,none,,,0
2021-03-05,3961,2,B,B1.7,1.756000000e-07,3
2021-03-06,3962,2,B,B1.5,1.570000000e-07,1
2021-03-07,3963,2,B,B3.1,3.194000000e-07,4
2021-03-08,3964,2,B,B1.2,1.286000000e-07,1
2021-03-09,3965,3,C,C1.6,1.677000000e-06,7
2021-03-10,3966,2,B,B1.0,1.016000000e-07,1
2021-03-11,3967,2,B,B1.3,1.396000000e-07,1
2021-03-12,3968,2,B,B2.5,2.506000000e-07,2
2021-03-13,3969,0,none,,,0
2021-03-14,3970,0,none,,,0
2021-03-15,3971,2,B,B2.9,2.928000000e-07,1
2021-03-16,3972,2,B,B3.1,3.160000000e-07,1
2021-03-17,3973,0,none,,,0
2021-03-18,3974,0,none,,,0
2021-03-19,3975,0,none,,,0
2021-03-20,3976,2,B,B2.0,2.100000000e-07,3
2021-03-21,3977,2,B,B1.4,1.447000000e-07,6
2021-03-22,3978,2,B,B5.4,5.469000000e-07,5
2021-03-23,3979,2,B,B1.1,1.193000000e-07,1
2021-03-24,3980,2,B,B3.0,3.012000000e-07,3
2021-03-25,3981,2,B,B8.3,8.343000000e-07,4
2021-03-26,3982,2,B,B1.1,1.189000000e-07,1
2021-03-27,3983,2,B,B1.3,1.346000000e-07,1
2021-03-28,3984,0,none,,,0
2021-03-29,3985,0,none,,,0
2021-03-30,3986,2,B,B7.4,7.462000000e-07,2
2021-03-31,3987,0,none,,,0
2021-04-01,3988,0,none,,,0
2021-04-02,3989,0,none,,,0
2021-04-03,3990,0,none,,,0
2021-04-04,3991,0,none,,,0
2021-04-05,3992,0,none,,,0
2021-04-06,3993,0,none,,,0
2021-04-07,3994,0,none,,,0
2021-04-08,3995,0,none,,,0
2021-04-09,3996,0,none,,,0
2021-04-10,3997,0,none,,,0
2021-04-11,3998,0,none,,,0
2021-04-12,3999,2,B,B8.4,8.409000000e-07,4
2021-04-13,4000,2,B,B5.9,5.946000000e-07,3
2021-04-14,4001,2,B,B2.3,2.336000000e-07,3
2021-04-15,4002,2,B,B1.7,1.757000000e-07,2
2021-04-16,4003,2,B,B3.4,3.400000000e-07,7
2021-04-17,4004,2,B,B9.7,9.765000000e-07,3
2021-04-18,4005,2,B,B3.8,3.841000000e-07,9
2021-04-19,4006,4,M,M1.1,1.104000000e-05,20
2021-04-20,4007,3,C,C1.9,1.973000000e-06,22
2021-04-21,4008,3,C,C1.5,1.586000000e-06,20
2021-04-22,4009,3,C,C8.5,8.556000000e-06,19
2021-04-23,4010,3,C,C2.4,2.470000000e-06,15
2021-04-24,4011,2,B,B6.9,6.912000000e-07,16
2021-04-25,4012,3,C,C2.6,2.641000000e-06,10
2021-04-26,4013,3,C,C1.3,1.360000000e-06,18
2021-04-27,4014,2,B,B3.3,3.322000000e-07,5
2021-04-28,4015,2,B,B3.3,3.315000000e-07,4
2021-04-29,4016,2,B,B6.4,6.434000000e-07,6
2021-04-30,4017,2,B,B1.9,1.922000000e-07,4
2021-05-01,4018,2,B,B1.7,1.759000000e-07,1
2021-05-02,4019,0,none,,,0
2021-05-03,4020,0,none,,,0
2021-05-04,4021,2,B,B1.6,1.675000000e-07,3
2021-05-05,4022,2,B,B1.2,1.271000000e-07,2
2021-05-06,4023,2,B,B3.4,3.477000000e-07,5
2021-05-07,4024,4,M,M3.9,3.908000000e-05,9
2021-05-08,4025,3,C,C8.6,8.636000000e-06,8
2021-05-09,4026,3,C,C4.0,4.044000000e-06,9
2021-05-10,4027,2,B,B2.0,2.021000000e-07,7
2021-05-11,4028,2,B,B3.4,3.415000000e-07,7
2021-05-12,4029,3,C,C1.5,1.522000000e-06,4
2021-05-13,4030,2,B,B3.5,3.595000000e-07,4
2021-05-14,4031,2,B,B4.8,4.891000000e-07,2
2021-05-15,4032,0,none,,,0
2021-05-16,4033,0,none,,,0
2021-05-17,4034,2,B,B4.3,4.325000000e-07,12
2021-05-18,4035,3,C,C1.1,1.140000000e-06,6
2021-05-19,4036,2,B,B1.3,1.306000000e-07,2
2021-05-20,4037,2,B,B1.2,1.269000000e-07,1
2021-05-21,4038,3,C,C4.8,4.818000000e-06,18
2021-05-22,4039,4,M,M1.4,1.485000000e-05,22
2021-05-23,4040,4,M,M1.1,1.192000000e-05,24
2021-05-24,4041,2,B,B4.7,4.747000000e-07,10
2021-05-25,4042,2,B,B5.2,5.263000000e-07,10
2021-05-26,4043,3,C,C3.8,3.868000000e-06,23
2021-05-27,4044,3,C,C7.6,7.618000000e-06,23
2021-05-28,4045,3,C,C9.4,9.466000000e-06,14
2021-05-29,4046,3,C,C1.7,1.754000000e-06,7
2021-05-30,4047,2,B,B3.7,3.702000000e-07,14
2021-05-31,4048,2,B,B7.7,7.768000000e-07,13
2021-06-01,4049,3,C,C1.6,1.697000000e-06,9
2021-06-02,4050,2,B,B2.7,2.757000000e-07,7
2021-06-03,4051,2,B,B5.7,5.749000000e-07,8
2021-06-04,4052,2,B,B4.5,4.577000000e-07,15
2021-06-05,4053,2,B,B2.1,2.194000000e-07,1
2021-06-06,4054,2,B,B1.6,1.691000000e-07,7
2021-06-07,4055,2,B,B3.5,3.559000000e-07,7
2021-06-08,4056,3,C,C2.4,2.409000000e-06,19
2021-06-09,4057,3,C,C3.7,3.798000000e-06,9
2021-06-10,4058,3,C,C1.0,1.098000000e-06,3
2021-06-11,4059,2,B,B2.1,2.144000000e-07,1
2021-06-12,4060,2,B,B2.4,2.409000000e-07,4
2021-06-13,4061,2,B,B1.0,1.085000000e-07,1
2021-06-14,4062,2,B,B1.0,1.073000000e-07,1
2021-06-15,4063,0,none,,,0
2021-06-16,4064,0,none,,,0
2021-06-17,4065,0,none,,,0
2021-06-18,4066,0,none,,,0
2021-06-19,4067,0,none,,,0
2021-06-20,4068,0,none,,,0
2021-06-21,4069,2,B,B1.2,1.216000000e-07,1
2021-06-22,4070,2,B,B7.8,7.814000000e-07,2
2021-06-23,4071,3,C,C3.4,3.424000000e-06,2
2021-06-24,4072,2,B,B2.8,2.880000000e-07,3
2021-06-25,4073,3,C,C1.7,1.702000000e-06,6
2021-06-26,4074,2,B,B3.9,3.963000000e-07,5
2021-06-27,4075,2,B,B5.0,5.033000000e-07,4
2021-06-28,4076,3,C,C2.0,2.066000000e-06,13
2021-06-29,4077,2,B,B8.6,8.649000000e-07,8
2021-06-30,4078,3,C,C3.7,3.725000000e-06,11
2021-07-01,4079,2,B,B6.0,6.087000000e-07,8
2021-07-02,4080,2,B,B8.5,8.566000000e-07,8
2021-07-03,4081,5,X,X1.5,1.591000000e-04,15
2021-07-04,4082,4,M,M1.5,1.510000000e-05,11
2021-07-05,4083,3,C,C1.7,1.784000000e-06,8
2021-07-06,4084,3,C,C1.2,1.228000000e-06,8
2021-07-07,4085,2,B,B6.8,6.829000000e-07,5
2021-07-08,4086,2,B,B3.2,3.289000000e-07,11
2021-07-09,4087,3,C,C7.0,7.022000000e-06,22
2021-07-10,4088,2,B,B2.9,2.959000000e-07,2
2021-07-11,4089,2,B,B7.1,7.186000000e-07,3
2021-07-12,4090,2,B,B1.2,1.216000000e-07,1
2021-07-13,4091,2,B,B2.0,2.086000000e-07,1
2021-07-14,4092,2,B,B2.1,2.107000000e-07,2
2021-07-15,4093,2,B,B6.7,6.730000000e-07,10
2021-07-16,4094,3,C,C1.7,1.775000000e-06,24
2021-07-17,4095,2,B,B7.8,7.827000000e-07,9
2021-07-18,4096,2,B,B9.7,9.722000000e-07,10
2021-07-19,4097,2,B,B6.8,6.831000000e-07,4
2021-07-20,4098,3,C,C1.0,1.092000000e-06,7
2021-07-21,4099,3,C,C1.3,1.340000000e-06,11
2021-07-22,4100,2,B,B4.8,4.877000000e-07,1
2021-07-23,4101,3,C,C4.3,4.336000000e-06,11
2021-07-24,4102,3,C,C1.5,1.556000000e-06,3
2021-07-25,4103,2,B,B2.4,2.492000000e-07,3
2021-07-26,4104,0,none,,,0
2021-07-27,4105,2,B,B9.7,9.789000000e-07,4
2021-07-28,4106,2,B,B6.9,6.948000000e-07,9
2021-07-29,4107,2,B,B1.1,1.106000000e-07,1
2021-07-30,4108,0,none,,,0
2021-07-31,4109,0,none,,,0
2021-08-01,4110,0,none,,,0
2021-08-02,4111,2,B,B1.0,1.078000000e-07,1
2021-08-03,4112,2,B,B1.0,1.076000000e-07,1
2021-08-04,4113,2,B,B5.8,5.839000000e-07,1
2021-08-05,4114,2,B,B1.3,1.375000000e-07,1
2021-08-06,4115,2,B,B2.6,2.652000000e-07,4
2021-08-07,4116,2,B,B5.4,5.439000000e-07,1
2021-08-08,4117,3,C,C1.3,1.394000000e-06,2
2021-08-09,4118,2,B,B3.0,3.005000000e-07,8
2021-08-10,4119,0,none,,,0
2021-08-11,4120,2,B,B1.0,1.044000000e-07,1
2021-08-12,4121,0,none,,,0
2021-08-13,4122,3,C,C1.4,1.496000000e-06,2
2021-08-14,4123,0,none,,,0
2021-08-15,4124,0,none,,,0
2021-08-16,4125,2,B,B3.3,3.348000000e-07,2
2021-08-17,4126,0,none,,,0
2021-08-18,4127,2,B,B2.9,2.959000000e-07,3
2021-08-19,4128,2,B,B2.1,2.137000000e-07,3
2021-08-20,4129,3,C,C3.0,3.090000000e-06,17
2021-08-21,4130,2,B,B4.9,4.993000000e-07,17
2021-08-22,4131,3,C,C1.9,1.927000000e-06,15
2021-08-23,4132,2,B,B2.1,2.145000000e-07,6
2021-08-24,4133,3,C,C1.5,1.529000000e-06,9
2021-08-25,4134,3,C,C1.1,1.117000000e-06,5
2021-08-26,4135,3,C,C3.9,3.997000000e-06,16
2021-08-27,4136,3,C,C7.3,7.400000000e-06,15
2021-08-28,4137,4,M,M4.7,4.786000000e-05,16
2021-08-29,4138,3,C,C8.1,8.150000000e-06,10
2021-08-30,4139,3,C,C3.0,3.034000000e-06,16
2021-08-31,4140,2,B,B7.2,7.227000000e-07,15
2021-09-01,4141,3,C,C1.2,1.274000000e-06,7
2021-09-02,4142,3,C,C1.2,1.261000000e-06,8
2021-09-03,4143,2,B,B6.2,6.263000000e-07,6
2021-09-04,4144,2,B,B8.5,8.503000000e-07,10
2021-09-05,4145,2,B,B6.3,6.374000000e-07,4
2021-09-06,4146,2,B,B5.0,5.022000000e-07,7
2021-09-07,4147,3,C,C2.3,2.389000000e-06,9
2021-09-08,4148,3,C,C8.3,8.344000000e-06,8
2021-09-09,4149,3,C,C3.5,3.531000000e-06,5
2021-09-10,4150,2,B,B4.2,4.246000000e-07,1
2021-09-11,4151,3,C,C1.3,1.303000000e-06,9
2021-09-12,4152,2,B,B6.5,6.590000000e-07,3
2021-09-13,4153,2,B,B8.0,8.048000000e-07,5
2021-09-14,4154,3,C,C1.1,1.124000000e-06,14
2021-09-15,4155,2,B,B4.2,4.245000000e-07,4
2021-09-16,4156,0,none,,,0
2021-09-17,4157,3,C,C5.5,5.565000000e-06,2
2021-09-18,4158,3,C,C2.6,2.691000000e-06,7
2021-09-19,4159,3,C,C1.6,1.643000000e-06,8
2021-09-20,4160,2,B,B8.2,8.226000000e-07,21
2021-09-21,4161,3,C,C1.8,1.857000000e-06,21
2021-09-22,4162,3,C,C1.1,1.116000000e-06,20
2021-09-23,4163,4,M,M2.8,2.857000000e-05,15
2021-09-24,4164,3,C,C2.9,2.990000000e-06,13
2021-09-25,4165,3,C,C1.7,1.727000000e-06,15
2021-09-26,4166,3,C,C1.6,1.681000000e-06,10
2021-09-27,4167,2,B,B4.6,4.620000000e-07,6
2021-09-28,4168,3,C,C1.6,1.680000000e-06,6
2021-09-29,4169,3,C,C2.8,2.877000000e-06,12
2021-09-30,4170,3,C,C1.2,1.228000000e-06,11
2021-10-01,4171,2,B,B8.7,8.764000000e-07,4
2021-10-02,4172,3,C,C1.6,1.682000000e-06,5
2021-10-03,4173,3,C,C1.8,1.881000000e-06,7
2021-10-04,4174,2,B,B9.1,9.197000000e-07,9
2021-10-05,4175,2,B,B1.7,1.777000000e-07,2
2021-10-06,4176,2,B,B7.6,7.645000000e-07,12
2021-10-07,4177,3,C,C5.5,5.514000000e-06,10
2021-10-08,4178,3,C,C2.7,2.751000000e-06,13
2021-10-09,4179,4,M,M1.6,1.601000000e-05,8
2021-10-10,4180,3,C,C2.3,2.371000000e-06,5
2021-10-11,4181,2,B,B4.3,4.359000000e-07,8
2021-10-12,4182,2,B,B9.5,9.510000000e-07,9
2021-10-13,4183,3,C,C1.3,1.364000000e-06,15
2021-10-14,4184,3,C,C2.2,2.275000000e-06,11
2021-10-15,4185,2,B,B9.7,9.767000000e-07,2
2021-10-16,4186,2,B,B1.6,1.691000000e-07,2
2021-10-17,4187,2,B,B1.8,1.835000000e-07,3
2021-10-18,4188,2,B,B1.2,1.229000000e-07,2
2021-10-19,4189,0,none,,,0
2021-10-20,4190,2,B,B4.6,4.677000000e-07,10
2021-10-21,4191,2,B,B8.7,8.798000000e-07,18
2021-10-22,4192,2,B,B9.6,9.681000000e-07,5
2021-10-23,4193,2,B,B6.2,6.274000000e-07,10
2021-10-24,4194,2,B,B6.0,6.092000000e-07,3
2021-10-25,4195,3,C,C8.5,8.574000000e-06,9
2021-10-26,4196,4,M,M1.3,1.328000000e-05,14
2021-10-27,4197,3,C,C8.5,8.512000000e-06,19
2021-10-28,4198,4,M,M9.9,9.999000000e-05,13
2021-10-29,4199,4,M,M1.5,1.563000000e-05,13
2021-10-30,4200,3,C,C3.9,3.924000000e-06,16
2021-10-31,4201,3,C,C3.2,3.225000000e-06,6
2021-11-01,4202,4,M,M1.5,1.557000000e-05,7
2021-11-02,4203,4,M,M1.7,1.718000000e-05,5
2021-11-03,4204,3,C,C5.2,5.249000000e-06,10
2021-11-04,4205,3,C,C3.5,3.546000000e-06,10
2021-11-05,4206,3,C,C2.3,2.338000000e-06,11
2021-11-06,4207,3,C,C1.7,1.786000000e-06,17
2021-11-07,4208,2,B,B7.3,7.391000000e-07,7
2021-11-08,4209,3,C,C1.3,1.311000000e-06,8
2021-11-09,4210,4,M,M2.0,2.021000000e-05,3
2021-11-10,4211,2,B,B4.8,4.825000000e-07,10
2021-11-11,4212,2,B,B4.3,4.353000000e-07,7
2021-11-12,4213,2,B,B6.5,6.572000000e-07,1
2021-11-13,4214,3,C,C1.2,1.252000000e-06,3
2021-11-14,4215,2,B,B1.7,1.722000000e-07,2
2021-11-15,4216,2,B,B2.6,2.665000000e-07,2
2021-11-16,4217,2,B,B2.4,2.452000000e-07,12
2021-11-17,4218,2,B,B2.6,2.655000000e-07,6
2021-11-18,4219,2,B,B1.6,1.656000000e-07,1
2021-11-19,4220,0,none,,,0
2021-11-20,4221,0,none,,,0
2021-11-21,4222,0,none,,,0
2021-11-22,4223,0,none,,,0
2021-11-23,4224,2,B,B1.2,1.294000000e-07,2
2021-11-24,4225,2,B,B1.8,1.887000000e-07,4
2021-11-25,4226,2,B,B1.4,1.475000000e-07,2
2021-11-26,4227,2,B,B5.1,5.110000000e-07,11
2021-11-27,4228,2,B,B3.8,3.882000000e-07,8
2021-11-28,4229,2,B,B8.4,8.489000000e-07,12
2021-11-29,4230,2,B,B5.4,5.432000000e-07,5
2021-11-30,4231,2,B,B3.1,3.179000000e-07,4
2021-12-01,4232,2,B,B2.8,2.833000000e-07,5
2021-12-02,4233,2,B,B2.2,2.286000000e-07,3
2021-12-03,4234,2,B,B3.8,3.802000000e-07,4
2021-12-04,4235,3,C,C7.1,7.154000000e-06,19
2021-12-05,4236,4,M,M1.4,1.447000000e-05,8
2021-12-06,4237,3,C,C1.3,1.322000000e-06,11
2021-12-07,4238,2,B,B1.9,1.903000000e-07,2
2021-12-08,4239,0,none,,,0
2021-12-09,4240,0,none,,,0
2021-12-10,4241,0,none,,,0
2021-12-11,4242,2,B,B1.2,1.292000000e-07,1
2021-12-12,4243,3,C,C1.2,1.211000000e-06,5
2021-12-13,4244,2,B,B3.6,3.676000000e-07,7
2021-12-14,4245,3,C,C6.0,6.044000000e-06,24
2021-12-15,4246,3,C,C8.1,8.182000000e-06,16
2021-12-16,4247,3,C,C3.3,3.398000000e-06,14
2021-12-17,4248,4,M,M1.2,1.293000000e-05,13
2021-12-18,4249,3,C,C6.3,6.330000000e-06,5
2021-12-19,4250,3,C,C3.7,3.794000000e-06,7
2021-12-20,4251,4,M,M1.8,1.900000000e-05,15
2021-12-21,4252,4,M,M1.4,1.485000000e-05,13
2021-12-22,4253,4,M,M1.3,1.305000000e-05,13
2021-12-23,4254,3,C,C2.7,2.712000000e-06,19
2021-12-24,4255,3,C,C7.4,7.462000000e-06,14
2021-12-25,4256,3,C,C3.4,3.432000000e-06,11
2021-12-26,4257,3,C,C3.3,3.301000000e-06,11
2021-12-27,4258,3,C,C2.2,2.274000000e-06,13
2021-12-28,4259,4,M,M1.8,1.893000000e-05,16
2021-12-29,4260,3,C,C4.7,4.706000000e-06,5
2021-12-30,4261,2,B,B8.4,8.420000000e-07,10
2021-12-31,4262,3,C,C9.8,9.880000000e-06,10
2022-01-01,4263,4,M,M1.1,1.133000000e-05,9
2022-01-02,4264,3,C,C1.0,1.067000000e-06,6
2022-01-03,4265,2,B,B4.8,4.847000000e-07,5
2022-01-04,4266,2,B,B4.6,4.644000000e-07,4
2022-01-05,4267,2,B,B3.3,3.396000000e-07,4
2022-01-06,4268,3,C,C1.1,1.179000000e-06,3
2022-01-07,4269,3,C,C2.7,2.762000000e-06,14
2022-01-08,4270,2,B,B8.6,8.616000000e-07,3
2022-01-09,4271,2,B,B7.6,7.690000000e-07,2
2022-01-10,4272,0,none,,,0
2022-01-11,4273,3,C,C1.0,1.047000000e-06,7
2022-01-12,4274,2,B,B8.9,8.971000000e-07,5
2022-01-13,4275,3,C,C2.9,2.944000000e-06,8
2022-01-14,4276,4,M,M1.8,1.840000000e-05,7
2022-01-15,4277,3,C,C4.2,4.288000000e-06,13
2022-01-16,4278,3,C,C2.6,2.664000000e-06,10
2022-01-17,4279,3,C,C2.8,2.859000000e-06,3
2022-01-18,4280,4,M,M1.5,1.531000000e-05,7
2022-01-19,4281,3,C,C1.0,1.040000000e-06,4
2022-01-20,4282,4,M,M5.5,5.511000000e-05,7
2022-01-21,4283,2,B,B5.7,5.710000000e-07,3
2022-01-22,4284,2,B,B6.4,6.446000000e-07,1
2022-01-23,4285,2,B,B1.9,1.934000000e-07,5
2022-01-24,4286,3,C,C1.1,1.127000000e-06,12
2022-01-25,4287,3,C,C9.9,9.950000000e-06,20
2022-01-26,4288,3,C,C7.2,7.229000000e-06,18
2022-01-27,4289,3,C,C1.4,1.443000000e-06,14
2022-01-28,4290,3,C,C3.1,3.150000000e-06,25
2022-01-29,4291,4,M,M1.1,1.138000000e-05,30
2022-01-30,4292,3,C,C6.7,6.711000000e-06,13
2022-01-31,4293,3,C,C2.7,2.744000000e-06,11
2022-02-01,4294,3,C,C9.0,9.028000000e-06,18
2022-02-02,4295,3,C,C7.8,7.854000000e-06,11
2022-02-03,4296,3,C,C2.2,2.222000000e-06,13
2022-02-04,4297,3,C,C5.8,5.882000000e-06,8
2022-02-05,4298,3,C,C2.1,2.163000000e-06,7
2022-02-06,4299,3,C,C1.9,1.938000000e-06,5
2022-02-07,4300,3,C,C3.8,3.860000000e-06,16
2022-02-08,4301,3,C,C5.1,5.191000000e-06,5
2022-02-09,4302,3,C,C5.7,5.737000000e-06,9
2022-02-10,4303,3,C,C4.0,4.059000000e-06,6
2022-02-11,4304,3,C,C2.5,2.577000000e-06,6
2022-02-12,4305,4,M,M1.4,1.438000000e-05,9
2022-02-13,4306,3,C,C7.1,7.145000000e-06,12
2022-02-14,4307,4,M,M1.0,1.050000000e-05,6
2022-02-15,4308,4,M,M1.3,1.322000000e-05,9
2022-02-16,4309,3,C,C1.1,1.188000000e-06,5
2022-02-17,4310,3,C,C2.3,2.334000000e-06,10
2022-02-18,4311,2,B,B8.7,8.757000000e-07,4
2022-02-19,4312,3,C,C1.3,1.354000000e-06,8
2022-02-20,4313,3,C,C5.1,5.172000000e-06,3
2022-02-21,4314,3,C,C3.1,3.194000000e-06,3
2022-02-22,4315,2,B,B4.7,4.724000000e-07,7
2022-02-23,4316,2,B,B5.0,5.066000000e-07,8
2022-02-24,4317,2,B,B9.3,9.382000000e-07,3
2022-02-25,4318,3,C,C5.1,5.179000000e-06,4
2022-02-26,4319,2,B,B7.8,7.843000000e-07,9
2022-02-27,4320,3,C,C1.4,1.499000000e-06,4
2022-02-28,4321,3,C,C3.1,3.150000000e-06,8
2022-03-01,4322,2,B,B8.7,8.704000000e-07,11
2022-03-02,4323,4,M,M2.0,2.022000000e-05,15
2022-03-03,4324,3,C,C3.3,3.353000000e-06,9
2022-03-04,4325,3,C,C1.7,1.722000000e-06,11
2022-03-05,4326,3,C,C2.7,2.733000000e-06,13
2022-03-06,4327,3,C,C2.6,2.626000000e-06,9
2022-03-07,4328,3,C,C1.8,1.846000000e-06,4
2022-03-08,4329,3,C,C2.0,2.065000000e-06,10
2022-03-09,4330,3,C,C1.0,1.050000000e-06,5
2022-03-10,4331,3,C,C2.6,2.629000000e-06,2
2022-03-11,4332,4,M,M2.2,2.297000000e-05,7
2022-03-12,4333,3,C,C2.0,2.006000000e-06,3
2022-03-13,4334,3,C,C4.9,4.974000000e-06,7
2022-03-14,4335,4,M,M2.0,2.013000000e-05,10
2022-03-15,4336,4,M,M1.5,1.593000000e-05,8
2022-03-16,4337,2,B,B4.8,4.876000000e-07,2
2022-03-17,4338,3,C,C1.3,1.304000000e-06,4
2022-03-18,4339,2,B,B7.2,7.210000000e-07,2
2022-03-19,4340,3,C,C2.1,2.155000000e-06,8
2022-03-20,4341,3,C,C4.6,4.669000000e-06,9
2022-03-21,4342,2,B,B7.8,7.843000000e-07,3
2022-03-22,4343,3,C,C7.0,7.033000000e-06,12
2022-03-23,4344,3,C,C4.3,4.354000000e-06,7
2022-03-24,4345,3,C,C8.1,8.166000000e-06,8
2022-03-25,4346,4,M,M1.4,1.463000000e-05,8
2022-03-26,4347,3,C,C2.3,2.383000000e-06,2
2022-03-27,4348,3,C,C4.1,4.115000000e-06,5
2022-03-28,4349,4,M,M4.0,4.061000000e-05,14
2022-03-29,4350,4,M,M2.2,2.219000000e-05,22
2022-03-30,4351,5,X,X1.3,1.378000000e-04,15
2022-03-31,4352,4,M,M9.6,9.672000000e-05,14
2022-04-01,4353,3,C,C5.7,5.766000000e-06,22
2022-04-02,4354,4,M,M4.3,4.306000000e-05,15
2022-04-03,4355,3,C,C6.4,6.498000000e-06,5
2022-04-04,4356,3,C,C2.7,2.756000000e-06,5
2022-04-05,4357,3,C,C1.9,1.922000000e-06,2
2022-04-06,4358,3,C,C3.1,3.118000000e-06,2
2022-04-07,4359,3,C,C1.2,1.265000000e-06,2
2022-04-08,4360,3,C,C2.4,2.435000000e-06,4
2022-04-09,4361,3,C,C4.7,4.713000000e-06,6
2022-04-10,4362,3,C,C4.9,4.967000000e-06,4
2022-04-11,4363,3,C,C1.6,1.632000000e-06,4
2022-04-12,4364,3,C,C3.8,3.874000000e-06,23
2022-04-13,4365,2,B,B9.8,9.812000000e-07,2
2022-04-14,4366,0,none,,,0
2022-04-15,4367,4,M,M2.2,2.210000000e-05,5
2022-04-16,4368,4,M,M1.0,1.035000000e-05,10
2022-04-17,4369,5,X,X1.1,1.163000000e-04,13
2022-04-18,4370,4,M,M1.9,1.922000000e-05,17
2022-04-19,4371,4,M,M3.7,3.710000000e-05,13
2022-04-20,4372,5,X,X2.2,2.243000000e-04,17
2022-04-21,4373,4,M,M9.6,9.658000000e-05,5
2022-04-22,4374,4,M,M3.4,3.433000000e-05,8
2022-04-23,4375,3,C,C2.5,2.579000000e-06,8
2022-04-24,4376,3,C,C3.7,3.720000000e-06,6
2022-04-25,4377,4,M,M1.2,1.275000000e-05,10
2022-04-26,4378,3,C,C3.9,3.959000000e-06,7
2022-04-27,4379,3,C,C7.6,7.637000000e-06,6
2022-04-28,4380,3,C,C6.7,6.731000000e-06,7
2022-04-29,4381,4,M,M1.2,1.259000000e-05,10
2022-04-30,4382,5,X,X1.1,1.129000000e-04,20
2022-05-01,4383,3,C,C3.1,3.130000000e-06,7
2022-05-02,4384,3,C,C3.2,3.253000000e-06,2
2022-05-03,4385,5,X,X1.1,1.132000000e-04,13
2022-05-04,4386,4,M,M5.7,5.758000000e-05,23
2022-05-05,4387,4,M,M2.7,2.763000000e-05,34
2022-05-06,4388,3,C,C4.8,4.855000000e-06,17
2022-05-07,4389,3,C,C3.6,3.651000000e-06,6
2022-05-08,4390,3,C,C8.2,8.242000000e-06,9
2022-05-09,4391,3,C,C2.5,2.589000000e-06,7
2022-05-10,4392,5,X,X1.5,1.506000000e-04,12
2022-05-11,4393,4,M,M2.6,2.673000000e-05,20
2022-05-12,4394,4,M,M1.3,1.361000000e-05,10
2022-05-13,4395,3,C,C4.2,4.236000000e-06,9
2022-05-14,4396,4,M,M2.2,2.284000000e-05,11
2022-05-15,4397,3,C,C2.0,2.069000000e-06,2
2022-05-16,4398,4,M,M2.4,2.459000000e-05,11
2022-05-17,4399,3,C,C9.9,9.909000000e-06,12
2022-05-18,4400,4,M,M1.1,1.129000000e-05,12
2022-05-19,4401,4,M,M5.6,5.604000000e-05,8
2022-05-20,4402,4,M,M3.0,3.030000000e-05,7
2022-05-21,4403,3,C,C3.5,3.508000000e-06,6
2022-05-22,4404,3,C,C4.6,4.697000000e-06,7
2022-05-23,4405,3,C,C5.2,5.220000000e-06,4
2022-05-24,4406,3,C,C5.1,5.132000000e-06,7
2022-05-25,4407,4,M,M1.3,1.338000000e-05,5
2022-05-26,4408,3,C,C7.2,7.291000000e-06,9
2022-05-27,4409,3,C,C2.3,2.317000000e-06,6
2022-05-28,4410,3,C,C1.8,1.827000000e-06,3
2022-05-29,4411,2,B,B7.4,7.492000000e-07,8
2022-05-30,4412,3,C,C1.5,1.535000000e-06,7
2022-05-31,4413,2,B,B6.1,6.190000000e-07,1
2022-06-01,4414,2,B,B8.8,8.838000000e-07,4
2022-06-02,4415,3,C,C1.2,1.248000000e-06,8
2022-06-03,4416,2,B,B8.1,8.184000000e-07,2
2022-06-04,4417,2,B,B7.1,7.148000000e-07,4
2022-06-05,4418,3,C,C1.7,1.767000000e-06,2
2022-06-06,4419,2,B,B5.5,5.505000000e-07,2
2022-06-07,4420,2,B,B5.7,5.741000000e-07,5
2022-06-08,4421,0,none,,,0
2022-06-09,4422,3,C,C1.9,1.916000000e-06,7
2022-06-10,4423,4,M,M1.2,1.218000000e-05,7
2022-06-11,4424,3,C,C1.3,1.334000000e-06,3
2022-06-12,4425,3,C,C2.0,2.077000000e-06,1
2022-06-13,4426,4,M,M3.4,3.425000000e-05,2
2022-06-14,4427,3,C,C8.6,8.688000000e-06,16
2022-06-15,4428,3,C,C3.3,3.387000000e-06,5
2022-06-16,4429,4,M,M1.6,1.613000000e-05,7
2022-06-17,4430,3,C,C5.6,5.621000000e-06,7
2022-06-18,4431,3,C,C4.9,4.916000000e-06,7
2022-06-19,4432,3,C,C4.0,4.059000000e-06,10
2022-06-20,4433,3,C,C5.7,5.715000000e-06,9
2022-06-21,4434,3,C,C5.6,5.620000000e-06,5
2022-06-22,4435,3,C,C3.5,3.567000000e-06,18
2022-06-23,4436,3,C,C3.7,3.705000000e-06,4
2022-06-24,4437,3,C,C1.5,1.590000000e-06,5
2022-06-25,4438,3,C,C1.2,1.250000000e-06,9
2022-06-26,4439,3,C,C2.4,2.473000000e-06,14
2022-06-27,4440,3,C,C1.5,1.503000000e-06,8
2022-06-28,4441,2,B,B7.0,7.084000000e-07,8
2022-06-29,4442,3,C,C1.4,1.433000000e-06,5
2022-06-30,4443,2,B,B4.2,4.293000000e-07,4
2022-07-01,4444,2,B,B4.1,4.145000000e-07,2
2022-07-02,4445,2,B,B7.4,7.446000000e-07,4
2022-07-03,4446,3,C,C3.2,3.202000000e-06,13
2022-07-04,4447,3,C,C5.1,5.167000000e-06,12
2022-07-05,4448,3,C,C9.8,9.887000000e-06,11
2022-07-06,4449,3,C,C1.2,1.255000000e-06,4
2022-07-07,4450,3,C,C1.5,1.568000000e-06,1
2022-07-08,4451,4,M,M2.5,2.574000000e-05,8
2022-07-09,4452,3,C,C8.5,8.512000000e-06,7
2022-07-10,4453,4,M,M1.3,1.308000000e-05,18
2022-07-11,4454,4,M,M1.1,1.153000000e-05,11
2022-07-12,4455,3,C,C7.6,7.661000000e-06,16
2022-07-13,4456,3,C,C3.3,3.313000000e-06,13
2022-07-14,4457,4,M,M2.8,2.896000000e-05,18
2022-07-15,4458,3,C,C5.8,5.828000000e-06,11
2022-07-16,4459,4,M,M1.4,1.412000000e-05,8
2022-07-17,4460,3,C,C6.5,6.539000000e-06,7
2022-07-18,4461,3,C,C3.9,3.924000000e-06,3
2022-07-19,4462,3,C,C2.3,2.327000000e-06,7
2022-07-20,4463,3,C,C4.1,4.181000000e-06,10
2022-07-21,4464,3,C,C6.1,6.145000000e-06,11
2022-07-22,4465,3,C,C1.5,1.586000000e-06,11
2022-07-23,4466,3,C,C3.6,3.623000000e-06,14
2022-07-24,4467,3,C,C2.6,2.620000000e-06,7
2022-07-25,4468,3,C,C1.4,1.419000000e-06,3
2022-07-26,4469,3,C,C8.5,8.559000000e-06,9
2022-07-27,4470,3,C,C3.5,3.579000000e-06,7
2022-07-28,4471,2,B,B2.8,2.869000000e-07,1
2022-07-29,4472,3,C,C4.2,4.236000000e-06,11
2022-07-30,4473,2,B,B3.7,3.714000000e-07,8
2022-07-31,4474,3,C,C9.2,9.211000000e-06,4
2022-08-01,4475,2,B,B9.7,9.743000000e-07,9
2022-08-02,4476,3,C,C4.1,4.199000000e-06,10
2022-08-03,4477,3,C,C6.9,6.926000000e-06,6
2022-08-04,4478,2,B,B7.3,7.320000000e-07,3
2022-08-05,4479,3,C,C5.5,5.538000000e-06,8
2022-08-06,4480,2,B,B9.4,9.462000000e-07,5
2022-08-07,4481,3,C,C1.6,1.614000000e-06,4
2022-08-08,4482,2,B,B8.1,8.102000000e-07,4
2022-08-09,4483,2,B,B6.5,6.573000000e-07,3
2022-08-10,4484,2,B,B9.3,9.324000000e-07,3
2022-08-11,4485,3,C,C1.2,1.290000000e-06,7
2022-08-12,4486,3,C,C2.1,2.197000000e-06,12
2022-08-13,4487,3,C,C6.9,6.912000000e-06,23
2022-08-14,4488,3,C,C5.3,5.331000000e-06,12
2022-08-15,4489,4,M,M1.1,1.198000000e-05,20
2022-08-16,4490,4,M,M5.0,5.076000000e-05,17
2022-08-17,4491,4,M,M2.0,2.045000000e-05,24
2022-08-18,4492,4,M,M1.5,1.590000000e-05,26
2022-08-19,4493,4,M,M1.6,1.641000000e-05,21
2022-08-20,4494,2,B,B9.2,9.264000000e-07,6
2022-08-21,4495,3,C,C2.9,2.989000000e-06,10
2022-08-22,4496,3,C,C5.1,5.109000000e-06,32
2022-08-23,4497,3,C,C1.3,1.359000000e-06,13
2022-08-24,4498,2,B,B7.7,7.722000000e-07,3
2022-08-25,4499,4,M,M1.8,1.821000000e-05,26
2022-08-26,4500,4,M,M7.2,7.244000000e-05,16
2022-08-27,4501,4,M,M4.8,4.876000000e-05,17
2022-08-28,4502,4,M,M6.7,6.730000000e-05,13
2022-08-29,4503,4,M,M8.6,8.670000000e-05,10
2022-08-30,4504,4,M,M1.6,1.691000000e-05,10
2022-08-31,4505,3,C,C4.2,4.285000000e-06,5
2022-09-01,4506,3,C,C4.1,4.136000000e-06,7
2022-09-02,4507,3,C,C3.8,3.881000000e-06,17
2022-09-03,4508,3,C,C4.0,4.042000000e-06,20
2022-09-04,4509,3,C,C8.3,8.323000000e-06,17
2022-09-05,4510,4,M,M1.1,1.100000000e-05,17
2022-09-06,4511,3,C,C3.3,3.313000000e-06,8
2022-09-07,4512,3,C,C1.5,1.501000000e-06,4
2022-09-08,4513,3,C,C2.2,2.205000000e-06,6
2022-09-09,4514,3,C,C2.0,2.031000000e-06,11
2022-09-10,4515,3,C,C2.8,2.852000000e-06,13
2022-09-11,4516,3,C,C6.1,6.173000000e-06,10
2022-09-12,4517,4,M,M1.7,1.800000000e-05,15
2022-09-13,4518,3,C,C9.2,9.298000000e-06,21
2022-09-14,4519,4,M,M1.1,1.101000000e-05,14
2022-09-15,4520,3,C,C6.4,6.405000000e-06,7
2022-09-16,4521,4,M,M7.9,7.915000000e-05,16
2022-09-17,4522,4,M,M2.6,2.606000000e-05,10
2022-09-18,4523,3,C,C3.8,3.821000000e-06,9
2022-09-19,4524,3,C,C7.6,7.623000000e-06,9
2022-09-20,4525,4,M,M1.0,1.098000000e-05,7
2022-09-21,4526,4,M,M1.0,1.013000000e-05,5
2022-09-22,4527,3,C,C7.8,7.806000000e-06,11
2022-09-23,4528,4,M,M1.7,1.732000000e-05,18
2022-09-24,4529,3,C,C7.2,7.238000000e-06,12
2022-09-25,4530,3,C,C5.9,5.955000000e-06,11
2022-09-26,4531,3,C,C4.7,4.737000000e-06,5
2022-09-27,4532,3,C,C5.0,5.096000000e-06,11
2022-09-28,4533,3,C,C3.4,3.500000000e-06,9
2022-09-29,4534,3,C,C5.7,5.770000000e-06,7
2022-09-30,4535,4,M,M2.9,2.971000000e-05,13
2022-10-01,4536,4,M,M5.8,5.866000000e-05,13
2022-10-02,4537,5,X,X1.0,1.063000000e-04,14
2022-10-03,4538,4,M,M4.2,4.206000000e-05,20
2022-10-04,4539,4,M,M1.6,1.609000000e-05,7
2022-10-05,4540,3,C,C5.6,5.669000000e-06,9
2022-10-06,4541,3,C,C2.9,2.988000000e-06,6
2022-10-07,4542,4,M,M1.0,1.011000000e-05,8
2022-10-08,4543,3,C,C6.6,6.613000000e-06,7
2022-10-09,4544,3,C,C4.1,4.167000000e-06,12
2022-10-10,4545,4,M,M2.4,2.412000000e-05,11
2022-10-11,4546,4,M,M3.9,3.984000000e-05,12
2022-10-12,4547,4,M,M1.5,1.544000000e-05,6
2022-10-13,4548,3,C,C4.7,4.723000000e-06,8
2022-10-14,4549,4,M,M1.3,1.330000000e-05,4
2022-10-15,4550,3,C,C6.1,6.134000000e-06,3
2022-10-16,4551,3,C,C1.9,1.912000000e-06,4
2022-10-17,4552,3,C,C1.6,1.667000000e-06,4
2022-10-18,4553,3,C,C1.9,1.915000000e-06,7
2022-10-19,4554,3,C,C4.2,4.222000000e-06,11
2022-10-20,4555,3,C,C5.9,5.973000000e-06,21
2022-10-21,4556,3,C,C2.9,2.925000000e-06,7
2022-10-22,4557,3,C,C6.4,6.466000000e-06,8
2022-10-23,4558,3,C,C2.5,2.524000000e-06,5
2022-10-24,4559,3,C,C4.2,4.227000000e-06,8
2022-10-25,4560,3,C,C4.9,4.955000000e-06,5
2022-10-26,4561,3,C,C6.7,6.753000000e-06,4
2022-10-27,4562,3,C,C2.3,2.323000000e-06,7
2022-10-28,4563,3,C,C1.6,1.645000000e-06,5
2022-10-29,4564,3,C,C1.9,1.954000000e-06,4
2022-10-30,4565,3,C,C1.3,1.378000000e-06,9
2022-10-31,4566,3,C,C1.4,1.431000000e-06,4
2022-11-01,4567,3,C,C1.3,1.316000000e-06,4
2022-11-02,4568,3,C,C2.2,2.290000000e-06,6
2022-11-03,4569,3,C,C1.0,1.096000000e-06,5
2022-11-04,4570,3,C,C5.6,5.655000000e-06,7
2022-11-05,4571,2,B,B9.3,9.386000000e-07,1
2022-11-06,4572,4,M,M5.2,5.249000000e-05,9
2022-11-07,4573,3,C,C3.0,3.049000000e-06,3
2022-11-08,4574,3,C,C1.3,1.314000000e-06,2
2022-11-09,4575,3,C,C4.3,4.376000000e-06,8
2022-11-10,4576,3,C,C1.4,1.475000000e-06,9
2022-11-11,4577,4,M,M1.2,1.246000000e-05,21
2022-11-12,4578,4,M,M1.1,1.171000000e-05,14
2022-11-13,4579,3,C,C4.0,4.073000000e-06,14
2022-11-14,4580,3,C,C7.5,7.520000000e-06,12
2022-11-15,4581,4,M,M1.0,1.067000000e-05,20
2022-11-16,4582,3,C,C3.4,3.414000000e-06,10
2022-11-17,4583,3,C,C6.1,6.133000000e-06,10
2022-11-18,4584,3,C,C5.5,5.568000000e-06,9
2022-11-19,4585,4,M,M1.6,1.609000000e-05,9
2022-11-20,4586,3,C,C3.3,3.376000000e-06,9
2022-11-21,4587,3,C,C2.9,2.979000000e-06,6
2022-11-22,4588,3,C,C7.0,7.003000000e-06,10
2022-11-23,4589,3,C,C1.5,1.587000000e-06,4
2022-11-24,4590,3,C,C1.4,1.428000000e-06,2
2022-11-25,4591,3,C,C1.1,1.176000000e-06,4
2022-11-26,4592,2,B,B9.0,9.057000000e-07,8
2022-11-27,4593,0,none,,,0
2022-11-28,4594,2,B,B9.9,9.924000000e-07,5
2022-11-29,4595,3,C,C1.1,1.160000000e-06,4
2022-11-30,4596,3,C,C3.0,3.029000000e-06,11
2022-12-01,4597,4,M,M1.0,1.096000000e-05,9
2022-12-02,4598,3,C,C8.1,8.192000000e-06,6
2022-12-03,4599,4,M,M1.2,1.290000000e-05,12
2022-12-04,4600,3,C,C2.0,2.072000000e-06,7
2022-12-05,4601,3,C,C2.7,2.736000000e-06,11
2022-12-06,4602,3,C,C1.1,1.133000000e-06,5
2022-12-07,4603,3,C,C5.8,5.868000000e-06,9
2022-12-08,4604,3,C,C1.4,1.454000000e-06,4
2022-12-09,4605,3,C,C6.0,6.050000000e-06,16
2022-12-10,4606,3,C,C5.3,5.379000000e-06,10
2022-12-11,4607,3,C,C2.9,2.942000000e-06,8
2022-12-12,4608,3,C,C3.4,3.465000000e-06,6
2022-12-13,4609,3,C,C3.0,3.004000000e-06,3
2022-12-14,4610,4,M,M6.3,6.357000000e-05,25
2022-12-15,4611,4,M,M5.7,5.745000000e-05,23
2022-12-16,4612,4,M,M4.0,4.021000000e-05,25
2022-12-17,4613,4,M,M1.0,1.091000000e-05,11
2022-12-18,4614,3,C,C5.8,5.820000000e-06,9
2022-12-19,4615,3,C,C8.0,8.027000000e-06,14
2022-12-20,4616,4,M,M1.1,1.153000000e-05,10
2022-12-21,4617,3,C,C7.6,7.619000000e-06,9
2022-12-22,4618,3,C,C3.4,3.439000000e-06,8
2022-12-23,4619,3,C,C6.6,6.604000000e-06,11
2022-12-24,4620,3,C,C4.0,4.058000000e-06,11
2022-12-25,4621,3,C,C7.8,7.815000000e-06,8
2022-12-26,4622,3,C,C6.0,6.054000000e-06,21
2022-12-27,4623,4,M,M2.0,2.067000000e-05,18
2022-12-28,4624,3,C,C6.1,6.106000000e-06,7
2022-12-29,4625,4,M,M2.4,2.431000000e-05,8
2022-12-30,4626,4,M,M3.7,3.743000000e-05,16
2022-12-31,4627,3,C,C9.1,9.113000000e-06,9
2023-01-01,4628,3,C,C3.8,3.803000000e-06,9
2023-01-02,4629,3,C,C9.4,9.451000000e-06,9
2023-01-03,4630,3,C,C3.2,3.250000000e-06,4
2023-01-04,4631,3,C,C8.4,8.499000000e-06,4
2023-01-05,4632,3,C,C2.6,2.637000000e-06,6
2023-01-06,4633,5,X,X1.2,1.213000000e-04,10
2023-01-07,4634,4,M,M1.6,1.631000000e-05,15
2023-01-08,4635,4,M,M1.4,1.442000000e-05,16
2023-01-09,4636,5,X,X1.9,1.972000000e-04,17
2023-01-10,4637,5,X,X1.0,1.061000000e-04,23
2023-01-11,4638,4,M,M5.6,5.671000000e-05,9
2023-01-12,4639,4,M,M1.5,1.592000000e-05,16
2023-01-13,4640,4,M,M3.9,3.987000000e-05,10
2023-01-14,4641,4,M,M4.6,4.602000000e-05,8
2023-01-15,4642,4,M,M6.0,6.025000000e-05,5
2023-01-16,4643,3,C,C8.7,8.713000000e-06,5
2023-01-17,4644,4,M,M1.8,1.843000000e-05,9
2023-01-18,4645,4,M,M1.8,1.816000000e-05,8
2023-01-19,4646,4,M,M1.7,1.772000000e-05,11
2023-01-20,4647,3,C,C7.3,7.368000000e-06,6
2023-01-21,4648,3,C,C5.6,5.652000000e-06,8
2023-01-22,4649,4,M,M1.6,1.622000000e-05,12
2023-01-23,4650,3,C,C6.5,6.511000000e-06,7
2023-01-24,4651,3,C,C9.4,9.464000000e-06,11
2023-01-25,4652,4,M,M4.6,4.654000000e-05,10
2023-01-26,4653,4,M,M2.8,2.871000000e-05,11
2023-01-27,4654,3,C,C2.8,2.876000000e-06,2
2023-01-28,4655,3,C,C3.3,3.372000000e-06,3
2023-01-29,4656,3,C,C2.3,2.333000000e-06,2
2023-01-30,4657,3,C,C3.1,3.106000000e-06,11
2023-01-31,4658,3,C,C4.9,4.924000000e-06,10
2023-02-01,4659,3,C,C5.8,5.824000000e-06,5
2023-02-02,4660,3,C,C1.3,1.370000000e-06,2
2023-02-03,4661,3,C,C3.9,3.916000000e-06,6
2023-02-04,4662,3,C,C2.2,2.286000000e-06,4
2023-02-05,4663,3,C,C6.6,6.693000000e-06,3
2023-02-06,4664,3,C,C7.8,7.894000000e-06,9
2023-02-07,4665,4,M,M3.8,3.897000000e-05,20
2023-02-08,4666,4,M,M2.0,2.067000000e-05,11
2023-02-09,4667,4,M,M3.0,3.075000000e-05,14
2023-02-10,4668,4,M,M3.7,3.728000000e-05,12
2023-02-11,4669,5,X,X1.1,1.162000000e-04,12
2023-02-12,4670,4,M,M3.1,3.184000000e-05,14
2023-02-13,4671,4,M,M1.4,1.445000000e-05,15
2023-02-14,4672,4,M,M2.6,2.695000000e-05,12
2023-02-15,4673,4,M,M2.0,2.046000000e-05,20
2023-02-16,4674,4,M,M1.1,1.102000000e-05,10
2023-02-17,4675,5,X,X2.2,2.275000000e-04,8
2023-02-18,4676,3,C,C7.7,7.769000000e-06,4
2023-02-19,4677,3,C,C6.8,6.895000000e-06,12
2023-02-20,4678,4,M,M4.4,4.435000000e-05,15
2023-02-21,4679,4,M,M5.0,5.091000000e-05,13
2023-02-22,4680,4,M,M2.6,2.680000000e-05,12
2023-02-23,4681,4,M,M1.5,1.533000000e-05,15
2023-02-24,4682,4,M,M3.7,3.732000000e-05,10
2023-02-25,4683,4,M,M6.3,6.354000000e-05,9
2023-02-26,4684,3,C,C5.5,5.546000000e-06,6
2023-02-27,4685,3,C,C4.5,4.563000000e-06,2
2023-02-28,4686,4,M,M8.6,8.618000000e-05,7
2023-03-01,4687,4,M,M1.0,1.030000000e-05,11
2023-03-02,4688,4,M,M3.8,3.855000000e-05,8
2023-03-03,4689,5,X,X2.0,2.067000000e-04,8
2023-03-04,4690,4,M,M5.2,5.268000000e-05,17
2023-03-05,4691,4,M,M5.0,5.046000000e-05,10
2023-03-06,4692,4,M,M5.8,5.805000000e-05,8
2023-03-07,4693,3,C,C4.7,4.711000000e-06,6
2023-03-08,4694,4,M,M1.3,1.358000000e-05,8
2023-03-09,4695,3,C,C6.2,6.272000000e-06,13
2023-03-10,4696,3,C,C7.1,7.160000000e-06,7
2023-03-11,4697,3,C,C4.9,4.939000000e-06,7
2023-03-12,4698,3,C,C3.2,3.241000000e-06,2
2023-03-13,4699,0,none,,,0
2023-03-14,4700,3,C,C3.0,3.077000000e-06,6
2023-03-15,4701,3,C,C1.0,1.062000000e-06,2
2023-03-16,4702,3,C,C1.4,1.463000000e-06,2
2023-03-17,4703,4,M,M1.0,1.090000000e-05,6
2023-03-18,4704,3,C,C9.4,9.417000000e-06,2
2023-03-19,4705,3,C,C4.9,4.966000000e-06,9
2023-03-20,4706,4,M,M1.2,1.284000000e-05,3
2023-03-21,4707,3,C,C4.6,4.662000000e-06,5
2023-03-22,4708,3,C,C1.7,1.737000000e-06,5
2023-03-23,4709,2,B,B9.5,9.565000000e-07,3
2023-03-24,4710,3,C,C2.2,2.235000000e-06,8
2023-03-25,4711,3,C,C1.6,1.639000000e-06,3
2023-03-26,4712,3,C,C3.0,3.002000000e-06,6
2023-03-27,4713,3,C,C4.6,4.628000000e-06,9
2023-03-28,4714,3,C,C2.7,2.748000000e-06,7
2023-03-29,4715,5,X,X1.2,1.268000000e-04,6
2023-03-30,4716,4,M,M5.4,5.409000000e-05,4
2023-03-31,4717,3,C,C9.7,9.798000000e-06,12
2023-04-01,4718,3,C,C6.8,6.802000000e-06,1
2023-04-02,4719,3,C,C3.4,3.466000000e-06,6
2023-04-03,4720,3,C,C2.8,2.818000000e-06,4
2023-04-04,4721,3,C,C2.1,2.155000000e-06,3
2023-04-05,4722,3,C,C1.8,1.888000000e-06,8
2023-04-06,4723,4,M,M3.0,3.012000000e-05,6
2023-04-07,4724,3,C,C5.8,5.864000000e-06,6
2023-04-08,4725,4,M,M2.9,2.902000000e-05,12
2023-04-09,4726,3,C,C9.0,9.096000000e-06,15
2023-04-10,4727,4,M,M2.8,2.833000000e-05,23
2023-04-11,4728,4,M,M1.3,1.383000000e-05,10
2023-04-12,4729,3,C,C6.1,6.171000000e-06,8
2023-04-13,4730,3,C,C8.4,8.475000000e-06,14
2023-04-14,4731,4,M,M1.5,1.518000000e-05,14
2023-04-15,4732,3,C,C7.1,7.165000000e-06,16
2023-04-16,4733,3,C,C9.0,9.078000000e-06,4
2023-04-17,4734,3,C,C7.0,7.091000000e-06,7
2023-04-18,4735,3,C,C4.8,4.813000000e-06,8
2023-04-19,4736,3,C,C3.9,3.960000000e-06,6
2023-04-20,4737,3,C,C3.6,3.666000000e-06,11
2023-04-21,4738,4,M,M1.7,1.770000000e-05,5
2023-04-22,4739,3,C,C4.8,4.869000000e-06,4
2023-04-23,4740,3,C,C2.2,2.210000000e-06,5
2023-04-24,4741,3,C,C2.8,2.862000000e-06,4
2023-04-25,4742,3,C,C1.7,1.724000000e-06,4
2023-04-26,4743,3,C,C2.7,2.746000000e-06,2
2023-04-27,4744,4,M,M1.8,1.876000000e-05,15
2023-04-28,4745,3,C,C7.1,7.131000000e-06,13
2023-04-29,4746,3,C,C8.8,8.897000000e-06,10
2023-04-30,4747,4,M,M2.4,2.442000000e-05,7
2023-05-01,4748,4,M,M7.2,7.215000000e-05,19
2023-05-02,4749,3,C,C5.4,5.488000000e-06,12
2023-05-03,4750,4,M,M7.3,7.351000000e-05,21
2023-05-04,4751,4,M,M3.9,3.960000000e-05,9
2023-05-05,4752,4,M,M2.1,2.108000000e-05,7
2023-05-06,4753,3,C,C4.7,4.735000000e-06,6
2023-05-07,4754,4,M,M1.6,1.640000000e-05,7
2023-05-08,4755,4,M,M2.3,2.316000000e-05,14
2023-05-09,4756,4,M,M6.5,6.574000000e-05,16
2023-05-10,4757,4,M,M2.2,2.268000000e-05,11
2023-05-11,4758,4,M,M2.1,2.198000000e-05,11
2023-05-12,4759,3,C,C9.0,9.057000000e-06,11
2023-05-13,4760,3,C,C5.0,5.034000000e-06,10
2023-05-14,4761,3,C,C7.0,7.018000000e-06,5
2023-05-15,4762,3,C,C3.4,3.404000000e-06,4
2023-05-16,4763,4,M,M9.6,9.620000000e-05,7
2023-05-17,4764,3,C,C9.5,9.595000000e-06,9
2023-05-18,4765,4,M,M4.5,4.504000000e-05,17
2023-05-19,4766,4,M,M5.3,5.388000000e-05,21
2023-05-20,4767,4,M,M8.9,8.965000000e-05,27
2023-05-21,4768,4,M,M2.6,2.604000000e-05,13
2023-05-22,4769,4,M,M1.9,1.946000000e-05,10
2023-05-23,4770,4,M,M3.0,3.094000000e-05,15
2023-05-24,4771,4,M,M1.8,1.853000000e-05,14
2023-05-25,4772,4,M,M1.1,1.188000000e-05,17
2023-05-26,4773,4,M,M1.3,1.376000000e-05,12
2023-05-27,4774,3,C,C8.4,8.474000000e-06,8
2023-05-28,4775,4,M,M1.0,1.014000000e-05,10
2023-05-29,4776,3,C,C6.5,6.565000000e-06,6
2023-05-30,4777,4,M,M1.4,1.491000000e-05,9
2023-05-31,4778,4,M,M4.2,4.288000000e-05,22
2023-06-01,4779,3,C,C9.1,9.168000000e-06,10
2023-06-02,4780,4,M,M1.5,1.538000000e-05,5
2023-06-03,4781,3,C,C4.1,4.149000000e-06,9
2023-06-04,4782,3,C,C8.8,8.856000000e-06,11
2023-06-05,4783,3,C,C4.0,4.046000000e-06,5
2023-06-06,4784,3,C,C7.5,7.504000000e-06,6
2023-06-07,4785,4,M,M4.7,4.722000000e-05,7
2023-06-08,4786,3,C,C7.3,7.316000000e-06,7
2023-06-09,4787,4,M,M2.5,2.505000000e-05,6
2023-06-10,4788,3,C,C5.7,5.771000000e-06,8
2023-06-11,4789,3,C,C3.3,3.381000000e-06,6
2023-06-12,4790,3,C,C5.2,5.249000000e-06,10
2023-06-13,4791,3,C,C6.3,6.356000000e-06,9
2023-06-14,4792,3,C,C6.6,6.658000000e-06,9
2023-06-15,4793,3,C,C9.7,9.750000000e-06,4
2023-06-16,4794,4,M,M1.0,1.082000000e-05,11
2023-06-17,4795,3,C,C4.4,4.433000000e-06,4
2023-06-18,4796,4,M,M2.5,2.522000000e-05,8
2023-06-19,4797,4,M,M1.4,1.478000000e-05,11
2023-06-20,4798,5,X,X1.0,1.093000000e-04,17
2023-06-21,4799,4,M,M1.1,1.169000000e-05,9
2023-06-22,4800,4,M,M4.8,4.896000000e-05,7
2023-06-23,4801,3,C,C4.6,4.671000000e-06,8
2023-06-24,4802,4,M,M1.1,1.135000000e-05,17
2023-06-25,4803,3,C,C8.5,8.537000000e-06,15
2023-06-26,4804,4,M,M1.6,1.619000000e-05,14
2023-06-27,4805,4,M,M1.2,1.272000000e-05,19
2023-06-28,4806,4,M,M1.9,1.968000000e-05,11
2023-06-29,4807,4,M,M3.8,3.848000000e-05,10
2023-06-30,4808,3,C,C5.7,5.744000000e-06,8
2023-07-01,4809,4,M,M1.1,1.110000000e-05,10
2023-07-02,4810,5,X,X1.0,1.061000000e-04,12
2023-07-03,4811,4,M,M1.3,1.377000000e-05,17
2023-07-04,4812,4,M,M1.4,1.482000000e-05,12
2023-07-05,4813,4,M,M1.0,1.015000000e-05,12
2023-07-06,4814,4,M,M1.0,1.063000000e-05,10
2023-07-07,4815,4,M,M4.0,4.056000000e-05,5
2023-07-08,4816,3,C,C5.6,5.618000000e-06,9
2023-07-09,4817,3,C,C6.9,6.911000000e-06,9
2023-07-10,4818,4,M,M2.3,2.362000000e-05,14
2023-07-11,4819,4,M,M6.8,6.827000000e-05,14
2023-07-12,4820,4,M,M6.9,6.971000000e-05,16
2023-07-13,4821,4,M,M2.1,2.123000000e-05,15
2023-07-14,4822,4,M,M1.0,1.036000000e-05,11
2023-07-15,4823,4,M,M2.9,2.932000000e-05,10
2023-07-16,4824,4,M,M4.0,4.022000000e-05,18
2023-07-17,4825,4,M,M5.7,5.721000000e-05,23
2023-07-18,4826,4,M,M2.1,2.147000000e-05,13
2023-07-19,4827,4,M,M3.8,3.807000000e-05,17
2023-07-20,4828,3,C,C9.7,9.705000000e-06,5
2023-07-21,4829,3,C,C2.1,2.170000000e-06,2
2023-07-22,4830,4,M,M3.1,3.191000000e-05,5
2023-07-23,4831,3,C,C9.9,9.946000000e-06,5
2023-07-24,4832,3,C,C8.4,8.496000000e-06,5
2023-07-25,4833,4,M,M1.6,1.657000000e-05,10
2023-07-26,4834,4,M,M4.6,4.633000000e-05,14
2023-07-27,4835,4,M,M1.9,1.985000000e-05,17
2023-07-28,4836,4,M,M4.1,4.109000000e-05,10
2023-07-29,4837,4,M,M1.4,1.438000000e-05,7
2023-07-30,4838,4,M,M1.8,1.866000000e-05,6
2023-07-31,4839,4,M,M1.6,1.700000000e-05,8
2023-08-01,4840,4,M,M3.6,3.656000000e-05,12
2023-08-02,4841,4,M,M1.7,1.701000000e-05,15
2023-08-03,4842,4,M,M2.0,2.078000000e-05,20
2023-08-04,4843,4,M,M1.9,1.993000000e-05,7
2023-08-05,4844,5,X,X1.6,1.613000000e-04,11
2023-08-06,4845,4,M,M5.5,5.507000000e-05,3
2023-08-07,4846,5,X,X1.4,1.491000000e-04,12
2023-08-08,4847,4,M,M3.6,3.672000000e-05,6
2023-08-09,4848,3,C,C5.1,5.162000000e-06,2
2023-08-10,4849,3,C,C7.6,7.643000000e-06,8
2023-08-11,4850,3,C,C8.3,8.333000000e-06,14
2023-08-12,4851,3,C,C8.8,8.863000000e-06,14
2023-08-13,4852,3,C,C2.4,2.494000000e-06,3
2023-08-14,4853,3,C,C8.9,8.996000000e-06,3
2023-08-15,4854,3,C,C4.1,4.118000000e-06,7
2023-08-16,4855,3,C,C3.3,3.332000000e-06,8
2023-08-17,4856,3,C,C5.2,5.204000000e-06,10
2023-08-18,4857,3,C,C3.7,3.729000000e-06,4
2023-08-19,4858,3,C,C5.8,5.853000000e-06,2
2023-08-20,4859,3,C,C3.7,3.726000000e-06,5
2023-08-21,4860,3,C,C5.7,5.773000000e-06,7
2023-08-22,4861,4,M,M1.1,1.107000000e-05,5
2023-08-23,4862,3,C,C3.9,3.955000000e-06,8
2023-08-24,4863,3,C,C3.0,3.096000000e-06,7
2023-08-25,4864,4,M,M1.4,1.477000000e-05,10
2023-08-26,4865,4,M,M1.1,1.112000000e-05,5
2023-08-27,4866,0,none,,,0
2023-08-28,4867,3,C,C2.3,2.400000000e-06,8
2023-08-29,4868,3,C,C3.9,3.985000000e-06,10
2023-08-30,4869,3,C,C3.0,3.005000000e-06,5
2023-08-31,4870,3,C,C1.2,1.212000000e-06,2
2023-09-01,4871,4,M,M1.2,1.211000000e-05,8
2023-09-02,4872,4,M,M3.3,3.351000000e-05,9
2023-09-03,4873,4,M,M6.0,6.013000000e-05,9
2023-09-04,4874,3,C,C6.6,6.694000000e-06,9
2023-09-05,4875,4,M,M2.0,2.089000000e-05,11
2023-09-06,4876,3,C,C5.3,5.345000000e-06,13
2023-09-07,4877,4,M,M2.1,2.117000000e-05,9
2023-09-08,4878,3,C,C4.2,4.235000000e-06,10
2023-09-09,4879,3,C,C8.4,8.486000000e-06,11
2023-09-10,4880,3,C,C8.3,8.394000000e-06,8
2023-09-11,4881,4,M,M1.3,1.388000000e-05,11
2023-09-12,4882,4,M,M2.5,2.576000000e-05,14
2023-09-13,4883,3,C,C5.5,5.535000000e-06,5
2023-09-14,4884,4,M,M2.5,2.502000000e-05,7
2023-09-15,4885,4,M,M1.7,1.728000000e-05,11
2023-09-16,4886,4,M,M3.3,3.391000000e-05,8
2023-09-17,4887,3,C,C3.5,3.571000000e-06,1
2023-09-18,4888,3,C,C4.9,4.941000000e-06,14
2023-09-19,4889,4,M,M4.0,4.091000000e-05,14
2023-09-20,4890,4,M,M8.2,8.231000000e-05,11
2023-09-21,4891,4,M,M8.7,8.722000000e-05,10
2023-09-22,4892,4,M,M1.9,1.905000000e-05,11
2023-09-23,4893,4,M,M1.5,1.577000000e-05,18
2023-09-24,4894,4,M,M4.4,4.429000000e-05,21
2023-09-25,4895,3,C,C4.3,4.314000000e-06,7
2023-09-26,4896,3,C,C5.7,5.740000000e-06,7
2023-09-27,4897,3,C,C4.6,4.683000000e-06,8
2023-09-28,4898,4,M,M1.2,1.297000000e-05,9
2023-09-29,4899,3,C,C7.5,7.598000000e-06,10
2023-09-30,4900,4,M,M1.2,1.237000000e-05,18
2023-10-01,4901,4,M,M2.5,2.504000000e-05,15
2023-10-02,4902,4,M,M1.9,1.902000000e-05,13
2023-10-03,4903,3,C,C3.6,3.606000000e-06,15
2023-10-04,4904,3,C,C3.0,3.045000000e-06,6
2023-10-05,4905,3,C,C4.7,4.750000000e-06,10
2023-10-06,4906,3,C,C4.2,4.287000000e-06,5
2023-10-07,4907,4,M,M1.7,1.791000000e-05,10
2023-10-08,4908,3,C,C6.6,6.698000000e-06,7
2023-10-09,4909,3,C,C9.2,9.230000000e-06,17
2023-10-10,4910,4,M,M2.3,2.347000000e-05,10
2023-10-11,4911,3,C,C7.2,7.241000000e-06,8
2023-10-12,4912,4,M,M1.1,1.113000000e-05,4
2023-10-13,4913,3,C,C1.7,1.797000000e-06,5
2023-10-14,4914,3,C,C9.8,9.831000000e-06,3
2023-10-15,4915,3,C,C3.9,3.947000000e-06,4
2023-10-16,4916,3,C,C9.8,9.865000000e-06,8
2023-10-17,4917,3,C,C2.2,2.216000000e-06,3
2023-10-18,4918,2,B,B7.3,7.360000000e-07,1
2023-10-19,4919,3,C,C2.7,2.740000000e-06,11
2023-10-20,4920,3,C,C2.3,2.330000000e-06,7
2023-10-21,4921,3,C,C2.8,2.841000000e-06,4
2023-10-22,4922,2,B,B9.2,9.298000000e-07,1
2023-10-23,4923,3,C,C2.3,2.321000000e-06,2
2023-10-24,4924,3,C,C4.2,4.238000000e-06,5
2023-10-25,4925,3,C,C3.0,3.020000000e-06,10
2023-10-26,4926,4,M,M1.4,1.415000000e-05,11
2023-10-27,4927,3,C,C2.1,2.139000000e-06,1
2023-10-28,4928,3,C,C1.6,1.655000000e-06,7
2023-10-29,4929,3,C,C7.8,7.881000000e-06,10
2023-10-30,4930,3,C,C1.9,1.903000000e-06,2
2023-10-31,4931,3,C,C5.7,5.712000000e-06,8
2023-11-01,4932,4,M,M1.1,1.183000000e-05,7
2023-11-02,4933,4,M,M1.6,1.681000000e-05,10
2023-11-03,4934,3,C,C4.5,4.554000000e-06,2
2023-11-04,4935,3,C,C2.4,2.464000000e-06,3
2023-11-05,4936,4,M,M1.8,1.832000000e-05,9
2023-11-06,4937,3,C,C9.3,9.309000000e-06,11
2023-11-07,4938,3,C,C2.9,2.923000000e-06,7
2023-11-08,4939,3,C,C6.8,6.874000000e-06,9
2023-11-09,4940,3,C,C2.6,2.619000000e-06,2
2023-11-10,4941,3,C,C3.4,3.470000000e-06,2
2023-11-11,4942,4,M,M1.2,1.251000000e-05,15
2023-11-12,4943,3,C,C8.4,8.417000000e-06,3
2023-11-13,4944,3,C,C2.8,2.868000000e-06,11
2023-11-14,4945,4,M,M1.0,1.084000000e-05,23
2023-11-15,4946,3,C,C8.4,8.401000000e-06,7
2023-11-16,4947,3,C,C4.8,4.871000000e-06,2
2023-11-17,4948,3,C,C1.7,1.723000000e-06,3
2023-11-18,4949,4,M,M1.2,1.264000000e-05,7
2023-11-19,4950,3,C,C7.5,7.576000000e-06,10
2023-11-20,4951,4,M,M1.2,1.267000000e-05,15
2023-11-21,4952,3,C,C7.7,7.792000000e-06,13
2023-11-22,4953,3,C,C9.0,9.023000000e-06,3
2023-11-23,4954,4,M,M1.4,1.489000000e-05,12
2023-11-24,4955,4,M,M1.1,1.138000000e-05,8
2023-11-25,4956,3,C,C2.1,2.143000000e-06,2
2023-11-26,4957,3,C,C3.6,3.626000000e-06,5
2023-11-27,4958,3,C,C6.7,6.793000000e-06,5
2023-11-28,4959,4,M,M9.9,9.937000000e-05,5
2023-11-29,4960,3,C,C6.4,6.433000000e-06,10
2023-11-30,4961,3,C,C3.6,3.674000000e-06,7
2023-12-01,4962,4,M,M1.1,1.117000000e-05,9
2023-12-02,4963,3,C,C3.1,3.157000000e-06,9
2023-12-03,4964,3,C,C4.0,4.095000000e-06,4
2023-12-04,4965,3,C,C8.1,8.188000000e-06,9
2023-12-05,4966,4,M,M1.5,1.593000000e-05,27
2023-12-06,4967,4,M,M2.3,2.371000000e-05,16
2023-12-07,4968,3,C,C8.2,8.228000000e-06,10
2023-12-08,4969,4,M,M5.5,5.545000000e-05,14
2023-12-09,4970,4,M,M1.5,1.555000000e-05,19
2023-12-10,4971,4,M,M2.4,2.411000000e-05,17
2023-12-11,4972,3,C,C4.4,4.495000000e-06,17
2023-12-12,4973,3,C,C9.1,9.141000000e-06,7
2023-12-13,4974,3,C,C9.4,9.439000000e-06,4
2023-12-14,4975,5,X,X2.8,2.835000000e-04,12
2023-12-15,4976,4,M,M6.9,6.968000000e-05,14
2023-12-16,4977,3,C,C8.3,8.383000000e-06,15
2023-12-17,4978,4,M,M1.1,1.144000000e-05,7
2023-12-18,4979,3,C,C6.5,6.551000000e-06,9
2023-12-19,4980,3,C,C7.3,7.384000000e-06,5
2023-12-20,4981,3,C,C8.3,8.333000000e-06,11
2023-12-21,4982,4,M,M4.2,4.247000000e-05,13
2023-12-22,4983,3,C,C8.1,8.124000000e-06,5
2023-12-23,4984,3,C,C3.1,3.150000000e-06,4
2023-12-24,4985,4,M,M2.9,2.940000000e-05,11
2023-12-25,4986,3,C,C4.7,4.741000000e-06,7
2023-12-26,4987,3,C,C4.5,4.521000000e-06,7
2023-12-27,4988,3,C,C1.9,1.977000000e-06,4
2023-12-28,4989,3,C,C2.1,2.153000000e-06,4
2023-12-29,4990,3,C,C9.8,9.804000000e-06,11
2023-12-30,4991,3,C,C6.1,6.176000000e-06,9
2023-12-31,4992,5,X,X4.9,4.947000000e-04,13
2024-01-01,4993,4,M,M4.7,4.730000000e-05,13
2024-01-02,4994,4,M,M1.1,1.153000000e-05,12
2024-01-03,4995,3,C,C3.0,3.058000000e-06,10
2024-01-04,4996,4,M,M3.8,3.884000000e-05,9
2024-01-05,4997,3,C,C3.7,3.733000000e-06,8
2024-01-06,4998,3,C,C7.1,7.173000000e-06,18
2024-01-07,4999,3,C,C8.7,8.778000000e-06,19
2024-01-08,5000,3,C,C7.3,7.391000000e-06,10
2024-01-09,5001,3,C,C3.9,3.991000000e-06,11
2024-01-10,5002,4,M,M1.9,1.941000000e-05,17
2024-01-11,5003,4,M,M1.5,1.537000000e-05,20
2024-01-12,5004,4,M,M1.0,1.074000000e-05,12
2024-01-13,5005,3,C,C2.7,2.727000000e-06,2
2024-01-14,5006,3,C,C9.6,9.647000000e-06,12
2024-01-15,5007,3,C,C2.8,2.860000000e-06,6
2024-01-16,5008,3,C,C2.4,2.485000000e-06,2
2024-01-17,5009,3,C,C2.6,2.609000000e-06,7
2024-01-18,5010,3,C,C5.4,5.446000000e-06,7
2024-01-19,5011,3,C,C1.8,1.830000000e-06,1
2024-01-20,5012,3,C,C5.2,5.271000000e-06,13
2024-01-21,5013,3,C,C6.7,6.736000000e-06,16
2024-01-22,5014,4,M,M3.4,3.448000000e-05,16
2024-01-23,5015,4,M,M5.1,5.118000000e-05,25
2024-01-24,5016,4,M,M2.6,2.658000000e-05,15
2024-01-25,5017,3,C,C5.5,5.550000000e-06,9
2024-01-26,5018,3,C,C9.0,9.075000000e-06,5
2024-01-27,5019,3,C,C2.9,2.937000000e-06,2
2024-01-28,5020,3,C,C3.4,3.435000000e-06,5
2024-01-29,5021,4,M,M6.8,6.835000000e-05,12
2024-01-30,5022,3,C,C5.7,5.724000000e-06,11
2024-01-31,5023,3,C,C4.5,4.530000000e-06,11
2024-02-01,5024,3,C,C2.5,2.518000000e-06,8
2024-02-02,5025,4,M,M1.1,1.184000000e-05,8
2024-02-03,5026,3,C,C7.7,7.728000000e-06,14
2024-02-04,5027,4,M,M2.7,2.784000000e-05,19
2024-02-05,5028,4,M,M2.1,2.167000000e-05,13
2024-02-06,5029,4,M,M4.2,4.275000000e-05,8
2024-02-07,5030,4,M,M5.1,5.177000000e-05,8
2024-02-08,5031,4,M,M3.9,3.992000000e-05,15
2024-02-09,5032,5,X,X3.3,3.338000000e-04,11
2024-02-10,5033,4,M,M9.0,9.041000000e-05,14
2024-02-11,5034,4,M,M1.0,1.073000000e-05,8
2024-02-12,5035,4,M,M6.5,6.502000000e-05,12
2024-02-13,5036,3,C,C5.0,5.049000000e-06,6
2024-02-14,5037,4,M,M1.0,1.055000000e-05,24
2024-02-15,5038,4,M,M1.8,1.872000000e-05,20
2024-02-16,5039,5,X,X2.5,2.527000000e-04,9
2024-02-17,5040,3,C,C7.9,7.962000000e-06,5
2024-02-18,5041,3,C,C5.0,5.081000000e-06,8
2024-02-19,5042,3,C,C6.7,6.776000000e-06,8
2024-02-20,5043,3,C,C2.8,2.886000000e-06,2
2024-02-21,5044,5,X,X1.8,1.870000000e-04,17
2024-02-22,5045,5,X,X6.3,6.345000000e-04,10
2024-02-23,5046,4,M,M2.6,2.651000000e-05,9
2024-02-24,5047,4,M,M4.5,4.526000000e-05,15
2024-02-25,5048,4,M,M2.0,2.098000000e-05,4
2024-02-26,5049,3,C,C2.0,2.100000000e-06,3
2024-02-27,5050,3,C,C3.4,3.471000000e-06,4
2024-02-28,5051,3,C,C6.5,6.548000000e-06,9
2024-02-29,5052,3,C,C4.0,4.004000000e-06,5
2024-03-01,5053,3,C,C4.0,4.002000000e-06,9
2024-03-02,5054,3,C,C6.6,6.620000000e-06,5
2024-03-03,5055,3,C,C2.8,2.874000000e-06,8
2024-03-04,5056,3,C,C2.4,2.479000000e-06,7
2024-03-05,5057,3,C,C2.6,2.669000000e-06,6
2024-03-06,5058,3,C,C1.3,1.394000000e-06,3
2024-03-07,5059,3,C,C8.3,8.360000000e-06,13
2024-03-08,5060,4,M,M1.3,1.318000000e-05,7
2024-03-09,5061,3,C,C6.3,6.331000000e-06,7
2024-03-10,5062,4,M,M7.4,7.429000000e-05,7
2024-03-11,5063,3,C,C5.8,5.896000000e-06,5
2024-03-12,5064,3,C,C3.9,3.920000000e-06,17
2024-03-13,5065,3,C,C6.2,6.220000000e-06,6
2024-03-14,5066,4,M,M1.0,1.005000000e-05,7
2024-03-15,5067,0,none,,,0
2024-03-16,5068,4,M,M3.5,3.528000000e-05,6
2024-03-17,5069,3,C,C6.6,6.686000000e-06,14
2024-03-18,5070,4,M,M6.7,6.771000000e-05,10
2024-03-19,5071,4,M,M2.1,2.188000000e-05,17
2024-03-20,5072,4,M,M7.4,7.480000000e-05,10
2024-03-21,5073,3,C,C8.7,8.702000000e-06,3
2024-03-22,5074,4,M,M4.2,4.296000000e-05,15
2024-03-23,5075,5,X,X1.1,1.102000000e-04,19
2024-03-24,5076,4,M,M2.7,2.706000000e-05,22
2024-03-25,5077,4,M,M4.4,4.471000000e-05,13
2024-03-26,5078,4,M,M1.9,1.940000000e-05,23
2024-03-27,5079,4,M,M1.1,1.137000000e-05,17
2024-03-28,5080,5,X,X1.1,1.107000000e-04,13
2024-03-29,5081,4,M,M3.2,3.236000000e-05,16
2024-03-30,5082,4,M,M9.4,9.418000000e-05,10
2024-03-31,5083,3,C,C4.8,4.844000000e-06,6
2024-04-01,5084,4,M,M3.9,3.910000000e-05,1
2024-04-02,5085,0,none,,,0
2024-04-03,5086,2,B,B7.7,7.716000000e-07,3
2024-04-04,5087,2,B,B8.4,8.475000000e-07,4
2024-04-05,5088,3,C,C3.8,3.836000000e-06,6
2024-04-06,5089,3,C,C1.6,1.620000000e-06,3
2024-04-07,5090,3,C,C1.1,1.109000000e-06,3
2024-04-08,5091,3,C,C1.2,1.238000000e-06,2
2024-04-09,5092,3,C,C1.0,1.041000000e-06,7
2024-04-10,5093,3,C,C4.0,4.063000000e-06,17
2024-04-11,5094,4,M,M5.4,5.466000000e-05,11
2024-04-12,5095,3,C,C8.9,8.984000000e-06,8
2024-04-13,5096,4,M,M2.4,2.406000000e-05,9
2024-04-14,5097,4,M,M4.3,4.303000000e-05,12
2024-04-15,5098,4,M,M4.0,4.021000000e-05,22
2024-04-16,5099,4,M,M1.1,1.145000000e-05,5
2024-04-17,5100,4,M,M1.6,1.642000000e-05,14
2024-04-18,5101,4,M,M2.2,2.246000000e-05,8
2024-04-19,5102,4,M,M2.1,2.168000000e-05,15
2024-04-20,5103,3,C,C7.6,7.601000000e-06,12
2024-04-21,5104,4,M,M3.4,3.427000000e-05,9
2024-04-22,5105,4,M,M2.8,2.809000000e-05,20
2024-04-23,5106,4,M,M3.6,3.639000000e-05,12
2024-04-24,5107,4,M,M2.0,2.090000000e-05,18
2024-04-25,5108,4,M,M1.3,1.395000000e-05,13
2024-04-26,5109,3,C,C6.6,6.666000000e-06,6
2024-04-27,5110,4,M,M3.0,3.097000000e-05,4
2024-04-28,5111,3,C,C8.3,8.399000000e-06,9
2024-04-29,5112,4,M,M3.7,3.714000000e-05,9
2024-04-30,5113,4,M,M9.5,9.528000000e-05,7
2024-05-01,5114,4,M,M1.9,1.944000000e-05,8
2024-05-02,5115,4,M,M2.7,2.752000000e-05,16
2024-05-03,5116,5,X,X1.6,1.643000000e-04,16
2024-05-04,5117,4,M,M9.1,9.127000000e-05,20
2024-05-05,5118,5,X,X1.3,1.302000000e-04,21
2024-05-06,5119,5,X,X4.4,4.463000000e-04,21
2024-05-07,5120,4,M,M8.2,8.293000000e-05,15
2024-05-08,5121,5,X,X1.0,1.065000000e-04,22
2024-05-09,5122,5,X,X2.2,2.222000000e-04,16
2024-05-10,5123,5,X,X3.9,3.929000000e-04,17
2024-05-11,5124,5,X,X5.8,5.821000000e-04,11
2024-05-12,5125,5,X,X1.0,1.009000000e-04,15
2024-05-13,5126,4,M,M6.6,6.655000000e-05,15
2024-05-14,5127,5,X,X8.6,8.688000000e-04,7
2024-05-15,5128,5,X,X3.4,3.438000000e-04,10
2024-05-16,5129,4,M,M1.0,1.043000000e-05,9
2024-05-17,5130,4,M,M7.2,7.255000000e-05,9
2024-05-18,5131,3,C,C7.2,7.208000000e-06,4
2024-05-19,5132,4,M,M2.5,2.539000000e-05,7
2024-05-20,5133,3,C,C6.7,6.720000000e-06,4
2024-05-21,5134,4,M,M1.9,1.975000000e-05,8
2024-05-22,5135,4,M,M2.3,2.318000000e-05,9
2024-05-23,5136,4,M,M4.2,4.230000000e-05,26
2024-05-24,5137,4,M,M1.4,1.450000000e-05,14
2024-05-25,5138,3,C,C5.8,5.832000000e-06,3
2024-05-26,5139,3,C,C7.4,7.459000000e-06,10
2024-05-27,5140,5,X,X2.8,2.860000000e-04,10
2024-05-28,5141,3,C,C8.9,9.000000000e-06,27
2024-05-29,5142,5,X,X1.4,1.425000000e-04,10
2024-05-30,5143,4,M,M1.0,1.092000000e-05,3
2024-05-31,5144,5,X,X1.1,1.166000000e-04,18
2024-06-01,5145,5,X,X1.4,1.407000000e-04,15
2024-06-02,5146,4,M,M2.0,2.011000000e-05,18
2024-06-03,5147,4,M,M4.8,4.813000000e-05,14
2024-06-04,5148,4,M,M2.4,2.450000000e-05,8
2024-06-05,5149,4,M,M3.4,3.497000000e-05,9
2024-06-06,5150,4,M,M6.1,6.118000000e-05,9
2024-06-07,5151,4,M,M4.0,4.054000000e-05,12
2024-06-08,5152,4,M,M9.7,9.754000000e-05,10
2024-06-09,5153,4,M,M1.6,1.657000000e-05,8
2024-06-10,5154,5,X,X1.5,1.530000000e-04,9
2024-06-11,5155,3,C,C9.1,9.199000000e-06,5
2024-06-12,5156,4,M,M1.2,1.205000000e-05,6
2024-06-13,5157,4,M,M3.2,3.222000000e-05,7
2024-06-14,5158,4,M,M2.4,2.461000000e-05,14
2024-06-15,5159,3,C,C9.2,9.204000000e-06,25
2024-06-16,5160,3,C,C6.7,6.785000000e-06,31
2024-06-17,5161,4,M,M1.5,1.564000000e-05,12
2024-06-18,5162,4,M,M2.4,2.401000000e-05,14
2024-06-19,5163,4,M,M1.1,1.181000000e-05,7
2024-06-20,5164,4,M,M5.7,5.756000000e-05,11
2024-06-21,5165,3,C,C6.7,6.701000000e-06,12
2024-06-22,5166,4,M,M2.8,2.851000000e-05,10
2024-06-23,5167,4,M,M9.3,9.359000000e-05,12
2024-06-24,5168,4,M,M1.8,1.880000000e-05,10
2024-06-25,5169,4,M,M1.0,1.024000000e-05,6
2024-06-26,5170,3,C,C4.7,4.785000000e-06,1
2024-06-27,5171,3,C,C6.6,6.632000000e-06,12
2024-06-28,5172,3,C,C3.9,3.908000000e-06,8
2024-06-29,5173,3,C,C5.9,5.921000000e-06,7
2024-06-30,5174,3,C,C3.8,3.842000000e-06,7
2024-07-01,5175,4,M,M2.1,2.169000000e-05,9
2024-07-02,5176,3,C,C4.7,4.791000000e-06,11
2024-07-03,5177,4,M,M1.5,1.545000000e-05,7
2024-07-04,5178,4,M,M1.4,1.415000000e-05,8
2024-07-05,5179,3,C,C9.4,9.408000000e-06,9
2024-07-06,5180,4,M,M1.0,1.033000000e-05,7
2024-07-07,5181,4,M,M1.4,1.493000000e-05,12
2024-07-08,5182,4,M,M1.1,1.150000000e-05,17
2024-07-09,5183,3,C,C6.7,6.777000000e-06,7
2024-07-10,5184,4,M,M1.5,1.565000000e-05,12
2024-07-11,5185,4,M,M1.2,1.229000000e-05,7
2024-07-12,5186,3,C,C6.5,6.539000000e-06,5
2024-07-13,5187,4,M,M5.3,5.352000000e-05,13
2024-07-14,5188,5,X,X1.2,1.254000000e-04,17
2024-07-15,5189,4,M,M2.7,2.704000000e-05,8
2024-07-16,5190,5,X,X1.9,1.970000000e-04,8
2024-07-17,5191,4,M,M5.0,5.050000000e-05,9
2024-07-18,5192,4,M,M2.2,2.236000000e-05,14
2024-07-19,5193,4,M,M3.2,3.207000000e-05,10
2024-07-20,5194,4,M,M1.8,1.871000000e-05,10
2024-07-21,5195,4,M,M3.2,3.252000000e-05,19
2024-07-22,5196,4,M,M3.9,3.970000000e-05,20
2024-07-23,5197,4,M,M2.4,2.456000000e-05,6
2024-07-24,5198,4,M,M3.6,3.645000000e-05,9
2024-07-25,5199,4,M,M1.3,1.356000000e-05,10
2024-07-26,5200,4,M,M1.7,1.724000000e-05,9
2024-07-27,5201,4,M,M4.2,4.209000000e-05,10
2024-07-28,5202,4,M,M9.9,9.906000000e-05,12
2024-07-29,5203,5,X,X1.5,1.544000000e-04,23
2024-07-30,5204,4,M,M9.5,9.515000000e-05,13
2024-07-31,5205,4,M,M7.7,7.752000000e-05,13
2024-08-01,5206,4,M,M8.2,8.239000000e-05,21
2024-08-02,5207,4,M,M7.4,7.434000000e-05,20
2024-08-03,5208,4,M,M7.3,7.302000000e-05,17
2024-08-04,5209,4,M,M2.2,2.223000000e-05,15
2024-08-05,5210,5,X,X1.7,1.709000000e-04,9
2024-08-06,5211,4,M,M1.1,1.191000000e-05,10
2024-08-07,5212,4,M,M5.0,5.017000000e-05,10
2024-08-08,5213,5,X,X1.2,1.286000000e-04,14
2024-08-09,5214,4,M,M4.5,4.551000000e-05,12
2024-08-10,5215,4,M,M5.3,5.301000000e-05,13
2024-08-11,5216,4,M,M1.6,1.653000000e-05,13
2024-08-12,5217,4,M,M1.2,1.235000000e-05,9
2024-08-13,5218,4,M,M4.2,4.225000000e-05,12
2024-08-14,5219,5,X,X1.0,1.096000000e-04,7
2024-08-15,5220,4,M,M1.1,1.132000000e-05,8
2024-08-16,5221,4,M,M1.3,1.331000000e-05,6
2024-08-17,5222,4,M,M1.6,1.647000000e-05,5
2024-08-18,5223,4,M,M2.4,2.411000000e-05,10
2024-08-19,5224,4,M,M3.7,3.720000000e-05,13
2024-08-20,5225,4,M,M1.3,1.338000000e-05,5
2024-08-21,5226,4,M,M5.1,5.155000000e-05,8
2024-08-22,5227,4,M,M1.5,1.588000000e-05,16
2024-08-23,5228,4,M,M5.1,5.184000000e-05,21
2024-08-24,5229,4,M,M1.6,1.663000000e-05,16
2024-08-25,5230,3,C,C7.1,7.181000000e-06,14
2024-08-26,5231,4,M,M1.4,1.447000000e-05,8
2024-08-27,5232,4,M,M1.1,1.146000000e-05,8
2024-08-28,5233,3,C,C7.0,7.024000000e-06,5
2024-08-29,5234,3,C,C7.0,7.047000000e-06,5
2024-08-30,5235,4,M,M3.8,3.871000000e-05,11
2024-08-31,5236,4,M,M1.8,1.888000000e-05,11
2024-09-01,5237,4,M,M5.5,5.574000000e-05,12
2024-09-02,5238,4,M,M2.9,2.977000000e-05,12
2024-09-03,5239,4,M,M3.3,3.360000000e-05,13
2024-09-04,5240,4,M,M1.4,1.478000000e-05,14
2024-09-05,5241,4,M,M2.8,2.842000000e-05,22
2024-09-06,5242,3,C,C8.0,8.071000000e-06,12
2024-09-07,5243,3,C,C7.2,7.227000000e-06,7
2024-09-08,5244,4,M,M1.5,1.553000000e-05,3
2024-09-09,5245,4,M,M1.8,1.886000000e-05,3
2024-09-10,5246,4,M,M1.6,1.607000000e-05,6
2024-09-11,5247,4,M,M5.0,5.035000000e-05,12
2024-09-12,5248,5,X,X1.2,1.282000000e-04,18
2024-09-13,5249,4,M,M5.4,5.415000000e-05,9
2024-09-14,5250,5,X,X4.4,4.477000000e-04,6
2024-09-15,5251,3,C,C5.1,5.112000000e-06,4
2024-09-16,5252,3,C,C9.5,9.598000000e-06,4
2024-09-17,5253,3,C,C4.4,4.438000000e-06,3
2024-09-18,5254,3,C,C4.1,4.104000000e-06,4
2024-09-19,5255,3,C,C2.6,2.640000000e-06,4
2024-09-20,5256,3,C,C3.9,3.978000000e-06,1
2024-09-21,5257,3,C,C4.4,4.471000000e-06,3
2024-09-22,5258,4,M,M3.7,3.767000000e-05,2
2024-09-23,5259,4,M,M1.3,1.351000000e-05,3
2024-09-24,5260,3,C,C6.9,6.910000000e-06,7
2024-09-25,5261,4,M,M1.3,1.331000000e-05,3
2024-09-26,5262,4,M,M1.4,1.448000000e-05,5
2024-09-27,5263,3,C,C9.9,9.978000000e-06,6
2024-09-28,5264,3,C,C3.7,3.791000000e-06,5
2024-09-29,5265,4,M,M1.7,1.765000000e-05,8
2024-09-30,5266,4,M,M7.6,7.685000000e-05,8
2024-10-01,5267,5,X,X7.0,7.061000000e-04,11
2024-10-02,5268,4,M,M3.6,3.649000000e-05,17
2024-10-03,5269,5,X,X8.9,8.943000000e-04,12
2024-10-04,5270,4,M,M4.0,4.051000000e-05,7
2024-10-05,5271,4,M,M2.4,2.477000000e-05,15
2024-10-06,5272,4,M,M1.5,1.572000000e-05,9
2024-10-07,5273,5,X,X2.1,2.162000000e-04,5
2024-10-08,5274,4,M,M1.2,1.260000000e-05,5
2024-10-09,5275,5,X,X1.8,1.816000000e-04,7
2024-10-10,5276,4,M,M3.0,3.013000000e-05,8
2024-10-11,5277,4,M,M2.1,2.137000000e-05,9
2024-10-12,5278,3,C,C5.7,5.726000000e-06,6
2024-10-13,5279,3,C,C5.7,5.738000000e-06,3
2024-10-14,5280,4,M,M3.4,3.424000000e-05,12
2024-10-15,5281,4,M,M2.1,2.119000000e-05,22
2024-10-16,5282,4,M,M3.7,3.741000000e-05,19
2024-10-17,5283,4,M,M2.4,2.438000000e-05,10
2024-10-18,5284,4,M,M4.8,4.900000000e-05,12
2024-10-19,5285,4,M,M6.5,6.522000000e-05,10
2024-10-20,5286,3,C,C5.0,5.036000000e-06,3
2024-10-21,5287,0,none,,,0
2024-10-22,5288,3,C,C5.1,5.162000000e-06,3
2024-10-23,5289,3,C,C7.8,7.897000000e-06,9
2024-10-24,5290,5,X,X3.2,3.288000000e-04,3
2024-10-25,5291,4,M,M1.1,1.157000000e-05,8
2024-10-26,5292,5,X,X1.8,1.836000000e-04,7
2024-10-27,5293,4,M,M2.8,2.863000000e-05,9
2024-10-28,5294,4,M,M4.2,4.248000000e-05,15
2024-10-29,5295,4,M,M1.1,1.185000000e-05,5
2024-10-30,5296,4,M,M7.2,7.242000000e-05,5
2024-10-31,5297,5,X,X2.0,2.003000000e-04,16
2024-11-01,5298,4,M,M2.0,2.060000000e-05,9
2024-11-02,5299,4,M,M1.2,1.256000000e-05,3
2024-11-03,5300,4,M,M1.4,1.413000000e-05,11
2024-11-04,5301,4,M,M3.7,3.727000000e-05,16
2024-11-05,5302,4,M,M4.1,4.190000000e-05,12
2024-11-06,5303,5,X,X2.3,2.359000000e-04,21
2024-11-07,5304,4,M,M2.7,2.790000000e-05,13
2024-11-08,5305,4,M,M1.5,1.506000000e-05,13
2024-11-09,5306,4,M,M1.2,1.278000000e-05,10
2024-11-10,5307,4,M,M9.4,9.491000000e-05,11
2024-11-11,5308,4,M,M1.4,1.402000000e-05,5
2024-11-12,5309,3,C,C4.2,4.280000000e-06,7
2024-11-13,5310,4,M,M1.7,1.772000000e-05,11
2024-11-14,5311,3,C,C2.9,2.989000000e-06,6
2024-11-15,5312,4,M,M1.1,1.136000000e-05,10
2024-11-16,5313,4,M,M1.6,1.633000000e-05,9
2024-11-17,5314,3,C,C5.3,5.366000000e-06,5
2024-11-18,5315,4,M,M3.7,3.709000000e-05,26
2024-11-19,5316,3,C,C9.0,9.050000000e-06,9
2024-11-20,5317,4,M,M1.1,1.162000000e-05,8
2024-11-21,5318,3,C,C5.9,5.996000000e-06,3
2024-11-22,5319,4,M,M1.6,1.660000000e-05,7
2024-11-23,5320,4,M,M1.1,1.168000000e-05,11
2024-11-24,5321,4,M,M1.1,1.106000000e-05,8
2024-11-25,5322,4,M,M9.4,9.446000000e-05,14
2024-11-26,5323,3,C,C9.4,9.499000000e-06,7
2024-11-27,5324,3,C,C9.5,9.557000000e-06,11
2024-11-28,5325,3,C,C7.0,7.093000000e-06,4
2024-11-29,5326,3,C,C5.5,5.513000000e-06,8
2024-11-30,5327,3,C,C9.3,9.397000000e-06,12
2024-12-01,5328,3,C,C5.5,5.513000000e-06,5
2024-12-02,5329,3,C,C4.9,4.978000000e-06,8
2024-12-03,5330,3,C,C6.1,6.152000000e-06,7
2024-12-04,5331,4,M,M2.3,2.395000000e-05,11
2024-12-05,5332,4,M,M2.5,2.588000000e-05,15
2024-12-06,5333,4,M,M1.2,1.219000000e-05,18
2024-12-07,5334,4,M,M3.2,3.267000000e-05,19
2024-12-08,5335,5,X,X2.2,2.255000000e-04,14
2024-12-09,5336,3,C,C8.4,8.478000000e-06,17
2024-12-10,5337,4,M,M6.4,6.457000000e-05,31
2024-12-11,5338,4,M,M6.7,6.714000000e-05,15
2024-12-12,5339,4,M,M2.2,2.240000000e-05,9
2024-12-13,5340,4,M,M2.0,2.096000000e-05,21
2024-12-14,5341,3,C,C6.0,6.014000000e-06,10
2024-12-15,5342,4,M,M3.1,3.113000000e-05,19
2024-12-16,5343,3,C,C4.5,4.509000000e-06,6
2024-12-17,5344,3,C,C5.9,5.934000000e-06,7
2024-12-18,5345,3,C,C8.2,8.208000000e-06,6
2024-12-19,5346,4,M,M3.8,3.809000000e-05,14
2024-12-20,5347,4,M,M2.5,2.525000000e-05,11
2024-12-21,5348,4,M,M1.9,1.979000000e-05,10
2024-12-22,5349,4,M,M1.1,1.197000000e-05,14
2024-12-23,5350,4,M,M9.0,9.065000000e-05,7
2024-12-24,5351,4,M,M4.7,4.791000000e-05,13
2024-12-25,5352,4,M,M4.9,4.957000000e-05,7
2024-12-26,5353,4,M,M7.4,7.412000000e-05,5
2024-12-27,5354,4,M,M3.3,3.337000000e-05,13
2024-12-28,5355,4,M,M4.6,4.621000000e-05,7
2024-12-29,5356,5,X,X1.1,1.116000000e-04,22
2024-12-30,5357,5,X,X1.6,1.601000000e-04,22
2024-12-31,5358,4,M,M2.9,2.940000000e-05,10
2025-01-01,5359,4,M,M1.2,1.251000000e-05,14
2025-01-02,5360,4,M,M1.1,1.137000000e-05,4
2025-01-03,5361,5,X,X1.2,1.220000000e-04,10
2025-01-04,5362,5,X,X1.8,1.864000000e-04,11
2025-01-05,5363,4,M,M4.1,4.198000000e-05,9
2025-01-06,5364,4,M,M4.9,4.920000000e-05,14
2025-01-07,5365,4,M,M1.1,1.152000000e-05,6
2025-01-08,5366,3,C,C9.8,9.862000000e-06,7
2025-01-09,5367,4,M,M1.1,1.134000000e-05,7
2025-01-10,5368,3,C,C9.9,9.990000000e-06,7
2025-01-11,5369,3,C,C2.8,2.840000000e-06,4
2025-01-12,5370,3,C,C4.3,4.350000000e-06,3
2025-01-13,5371,3,C,C8.1,8.132000000e-06,6
2025-01-14,5372,3,C,C6.2,6.297000000e-06,7
2025-01-15,5373,3,C,C6.3,6.320000000e-06,7
2025-01-16,5374,3,C,C5.8,5.882000000e-06,10
2025-01-17,5375,4,M,M7.4,7.463000000e-05,26
2025-01-18,5376,4,M,M1.7,1.734000000e-05,14
2025-01-19,5377,4,M,M2.4,2.419000000e-05,14
2025-01-20,5378,3,C,C6.3,6.324000000e-06,6
2025-01-21,5379,4,M,M3.3,3.381000000e-05,5
2025-01-22,5380,4,M,M1.3,1.353000000e-05,7
2025-01-23,5381,3,C,C9.1,9.169000000e-06,10
2025-01-24,5382,4,M,M2.7,2.730000000e-05,6
2025-01-25,5383,3,C,C6.5,6.597000000e-06,11
2025-01-26,5384,3,C,C4.5,4.565000000e-06,7
2025-01-27,5385,4,M,M2.6,2.694000000e-05,4
2025-01-28,5386,4,M,M1.7,1.709000000e-05,6
2025-01-29,5387,4,M,M1.0,1.002000000e-05,11
2025-01-30,5388,3,C,C8.1,8.156000000e-06,9
2025-01-31,5389,4,M,M6.7,6.762000000e-05,16
2025-02-01,5390,4,M,M2.4,2.497000000e-05,10
2025-02-02,5391,4,M,M5.1,5.153000000e-05,20
2025-02-03,5392,4,M,M8.8,8.875000000e-05,22
2025-02-04,5393,4,M,M4.7,4.735000000e-05,20
2025-02-05,5394,4,M,M2.7,2.771000000e-05,19
2025-02-06,5395,4,M,M7.6,7.688000000e-05,16
2025-02-07,5396,4,M,M7.5,7.596000000e-05,16
2025-02-08,5397,4,M,M2.0,2.099000000e-05,15
2025-02-09,5398,3,C,C4.5,4.528000000e-06,6
2025-02-10,5399,4,M,M1.0,1.002000000e-05,6
2025-02-11,5400,4,M,M1.6,1.616000000e-05,11
2025-02-12,5401,3,C,C3.9,3.912000000e-06,4
2025-02-13,5402,4,M,M1.0,1.083000000e-05,10
2025-02-14,5403,4,M,M1.8,1.890000000e-05,7
2025-02-15,5404,3,C,C3.9,3.926000000e-06,9
2025-02-16,5405,3,C,C6.1,6.171000000e-06,9
2025-02-17,5406,4,M,M1.0,1.098000000e-05,19
2025-02-18,5407,3,C,C5.7,5.710000000e-06,12
2025-02-19,5408,3,C,C8.1,8.130000000e-06,7
2025-02-20,5409,3,C,C4.9,4.912000000e-06,6
2025-02-21,5410,4,M,M3.3,3.386000000e-05,9
2025-02-22,5411,3,C,C8.3,8.357000000e-06,15
2025-02-23,5412,5,X,X1.9,1.999000000e-04,12
2025-02-24,5413,4,M,M3.9,3.931000000e-05,8
2025-02-25,5414,4,M,M3.6,3.636000000e-05,4
2025-02-26,5415,3,C,C5.7,5.796000000e-06,6
2025-02-27,5416,3,C,C9.3,9.329000000e-06,6
2025-02-28,5417,3,C,C5.2,5.249000000e-06,11
2025-03-01,5418,3,C,C9.5,9.589000000e-06,7
2025-03-02,5419,3,C,C2.9,2.940000000e-06,11
2025-03-03,5420,3,C,C2.8,2.899000000e-06,7
2025-03-04,5421,3,C,C4.6,4.618000000e-06,14
2025-03-05,5422,4,M,M1.7,1.788000000e-05,6
2025-03-06,5423,3,C,C1.6,1.634000000e-06,3
2025-03-07,5424,4,M,M1.6,1.621000000e-05,6
2025-03-08,5425,3,C,C3.9,3.990000000e-06,9
2025-03-09,5426,3,C,C1.7,1.720000000e-06,3
2025-03-10,5427,3,C,C2.0,2.082000000e-06,2
2025-03-11,5428,4,M,M1.0,1.098000000e-05,10
2025-03-12,5429,3,C,C8.7,8.791000000e-06,19
2025-03-13,5430,3,C,C7.9,7.951000000e-06,6
2025-03-14,5431,4,M,M1.1,1.163000000e-05,11
2025-03-15,5432,3,C,C4.1,4.128000000e-06,3
2025-03-16,5433,3,C,C6.5,6.597000000e-06,4
2025-03-17,5434,4,M,M1.0,1.002000000e-05,12
2025-03-18,5435,3,C,C3.0,3.003000000e-06,4
2025-03-19,5436,4,M,M1.5,1.543000000e-05,3
2025-03-20,5437,3,C,C5.6,5.653000000e-06,3
2025-03-21,5438,4,M,M1.2,1.216000000e-05,3
2025-03-22,5439,0,none,,,0
2025-03-23,5440,3,C,C4.5,4.575000000e-06,6
2025-03-24,5441,3,C,C5.2,5.220000000e-06,6
2025-03-25,5442,3,C,C9.5,9.515000000e-06,9
2025-03-26,5443,4,M,M1.0,1.003000000e-05,9
2025-03-27,5444,4,M,M2.0,2.052000000e-05,10
2025-03-28,5445,5,X,X1.1,1.121000000e-04,9
2025-03-29,5446,4,M,M1.9,1.907000000e-05,17
2025-03-30,5447,4,M,M1.6,1.611000000e-05,19
2025-03-31,5448,4,M,M1.2,1.261000000e-05,21
2025-04-01,5449,4,M,M5.6,5.610000000e-05,15
2025-04-02,5450,3,C,C8.0,8.096000000e-06,12
2025-04-03,5451,3,C,C3.4,3.459000000e-06,5
2025-04-04,5452,3,C,C5.7,5.745000000e-06,5
2025-04-05,5453,4,M,M1.0,1.051000000e-05,10
2025-04-06,5454,3,C,C2.9,2.961000000e-06,4
2025-04-07,5455,3,C,C5.3,5.343000000e-06,6
2025-04-08,5456,4,M,M1.5,1.552000000e-05,5
2025-04-09,5457,3,C,C8.9,8.981000000e-06,9
2025-04-10,5458,3,C,C5.3,5.353000000e-06,7
2025-04-11,5459,4,M,M1.0,1.066000000e-05,11
2025-04-12,5460,4,M,M2.6,2.667000000e-05,22
2025-04-13,5461,4,M,M3.1,3.191000000e-05,18
2025-04-14,5462,4,M,M4.2,4.203000000e-05,12
2025-04-15,5463,4,M,M1.4,1.490000000e-05,7
2025-04-16,5464,3,C,C8.0,8.004000000e-06,4
2025-04-17,5465,3,C,C4.6,4.616000000e-06,6
2025-04-18,5466,4,M,M4.3,4.381000000e-05,6
2025-04-19,5467,3,C,C4.3,4.316000000e-06,2
2025-04-20,5468,4,M,M1.0,1.003000000e-05,5
2025-04-21,5469,4,M,M1.9,1.957000000e-05,3
2025-04-22,5470,3,C,C9.8,9.860000000e-06,2
2025-04-23,5471,3,C,C3.9,3.938000000e-06,9
2025-04-24,5472,3,C,C3.8,3.895000000e-06,3
2025-04-25,5473,3,C,C2.9,2.989000000e-06,3
2025-04-26,5474,3,C,C1.7,1.715000000e-06,4
2025-04-27,5475,3,C,C2.1,2.190000000e-06,5
2025-04-28,5476,3,C,C3.9,3.912000000e-06,7
2025-04-29,5477,4,M,M1.7,1.719000000e-05,16
2025-04-30,5478,4,M,M1.9,1.988000000e-05,5
2025-05-01,5479,3,C,C2.5,2.512000000e-06,6
2025-05-02,5480,3,C,C3.6,3.695000000e-06,8
2025-05-03,5481,3,C,C2.3,2.363000000e-06,10
2025-05-04,5482,3,C,C5.4,5.410000000e-06,7
2025-05-05,5483,3,C,C2.4,2.470000000e-06,5
2025-05-06,5484,3,C,C4.5,4.592000000e-06,14
2025-05-07,5485,3,C,C4.0,4.049000000e-06,16
2025-05-08,5486,3,C,C6.9,6.984000000e-06,8
2025-05-09,5487,3,C,C4.8,4.865000000e-06,9
2025-05-10,5488,3,C,C5.5,5.531000000e-06,9
2025-05-11,5489,4,M,M1.9,1.939000000e-05,17
2025-05-12,5490,3,C,C2.7,2.745000000e-06,9
2025-05-13,5491,5,X,X1.1,1.169000000e-04,4
2025-05-14,5492,5,X,X2.4,2.420000000e-04,12
2025-05-15,5493,4,M,M2.1,2.103000000e-05,10
2025-05-16,5494,3,C,C3.4,3.493000000e-06,16
2025-05-17,5495,3,C,C2.3,2.314000000e-06,5
2025-05-18,5496,3,C,C1.5,1.586000000e-06,7
2025-05-19,5497,4,M,M3.1,3.194000000e-05,7
2025-05-20,5498,3,C,C5.3,5.382000000e-06,13
2025-05-21,5499,4,M,M1.2,1.250000000e-05,10
2025-05-22,5500,3,C,C2.5,2.530000000e-06,6
2025-05-23,5501,3,C,C1.6,1.629000000e-06,3
2025-05-24,5502,4,M,M2.1,2.197000000e-05,14
2025-05-25,5503,5,X,X1.1,1.108000000e-04,11
2025-05-26,5504,4,M,M2.9,2.993000000e-05,11
2025-05-27,5505,3,C,C5.0,5.071000000e-06,7
2025-05-28,5506,3,C,C3.0,3.032000000e-06,11
2025-05-29,5507,3,C,C7.0,7.079000000e-06,8
2025-05-30,5508,4,M,M8.1,8.197000000e-05,11
2025-05-31,5509,4,M,M4.5,4.529000000e-05,12
2025-06-01,5510,3,C,C8.9,8.945000000e-06,11
2025-06-02,5511,4,M,M3.3,3.309000000e-05,7
2025-06-03,5512,4,M,M1.4,1.478000000e-05,8
2025-06-04,5513,4,M,M1.1,1.116000000e-05,6
2025-06-05,5514,3,C,C8.7,8.795000000e-06,13
2025-06-06,5515,3,C,C4.6,4.605000000e-06,15
2025-06-07,5516,3,C,C3.4,3.496000000e-06,7
2025-06-08,5517,3,C,C1.9,1.940000000e-06,4
2025-06-09,5518,3,C,C2.0,2.049000000e-06,5
2025-06-10,5519,3,C,C5.5,5.536000000e-06,12
2025-06-11,5520,3,C,C8.4,8.483000000e-06,13
2025-06-12,5521,3,C,C5.8,5.854000000e-06,6
2025-06-13,5522,4,M,M1.2,1.274000000e-05,6
2025-06-14,5523,4,M,M6.8,6.802000000e-05,14
2025-06-15,5524,4,M,M8.4,8.463000000e-05,17
2025-06-16,5525,4,M,M6.3,6.396000000e-05,11
2025-06-17,5526,5,X,X1.2,1.255000000e-04,8
2025-06-18,5527,3,C,C9.2,9.272000000e-06,20
2025-06-19,5528,5,X,X1.8,1.895000000e-04,10
2025-06-20,5529,4,M,M1.0,1.080000000e-05,5
2025-06-21,5530,3,C,C2.1,2.114000000e-06,4
2025-06-22,5531,3,C,C1.5,1.520000000e-06,9
2025-06-23,5532,3,C,C5.0,5.030000000e-06,11
2025-06-24,5533,3,C,C3.1,3.112000000e-06,8
2025-06-25,5534,3,C,C1.3,1.364000000e-06,10
2025-06-26,5535,3,C,C1.3,1.364000000e-06,6
2025-06-27,5536,3,C,C1.9,1.945000000e-06,5
2025-06-28,5537,3,C,C4.1,4.106000000e-06,2
2025-06-29,5538,0,none,,,0
2025-06-30,5539,3,C,C1.8,1.884000000e-06,7
2025-07-01,5540,3,C,C1.0,1.058000000e-06,3
2025-07-02,5541,3,C,C2.5,2.557000000e-06,5
2025-07-03,5542,3,C,C2.0,2.044000000e-06,5
2025-07-04,5543,3,C,C2.5,2.553000000e-06,4
2025-07-05,5544,3,C,C1.5,1.542000000e-06,3
2025-07-06,5545,3,C,C1.4,1.425000000e-06,2
2025-07-07,5546,3,C,C3.6,3.604000000e-06,10
2025-07-08,5547,4,M,M2.4,2.484000000e-05,6
2025-07-09,5548,4,M,M1.3,1.342000000e-05,5
2025-07-10,5549,3,C,C8.9,8.929000000e-06,12
2025-07-11,5550,3,C,C8.0,8.018000000e-06,11
2025-07-12,5551,4,M,M2.3,2.322000000e-05,18
2025-07-13,5552,3,C,C8.9,8.947000000e-06,18
2025-07-14,5553,3,C,C4.5,4.571000000e-06,14
2025-07-15,5554,3,C,C2.4,2.470000000e-06,4
2025-07-16,5555,3,C,C5.0,5.004000000e-06,7
2025-07-17,5556,3,C,C5.9,5.903000000e-06,3
2025-07-18,5557,3,C,C3.5,3.565000000e-06,6
2025-07-19,5558,3,C,C4.4,4.424000000e-06,3
2025-07-20,5559,3,C,C7.6,7.618000000e-06,10
2025-07-21,5560,3,C,C5.0,5.096000000e-06,1
2025-07-22,5561,3,C,C6.4,6.426000000e-06,7
2025-07-23,5562,3,C,C2.4,2.492000000e-06,3
2025-07-24,5563,3,C,C8.1,8.126000000e-06,6
2025-07-25,5564,3,C,C7.4,7.450000000e-06,5
2025-07-26,5565,3,C,C3.3,3.325000000e-06,3
2025-07-27,5566,3,C,C3.4,3.430000000e-06,7
2025-07-28,5567,3,C,C1.5,1.551000000e-06,1
2025-07-29,5568,3,C,C3.7,3.718000000e-06,4
2025-07-30,5569,3,C,C4.7,4.708000000e-06,12
2025-07-31,5570,3,C,C1.9,1.999000000e-06,4
2025-08-01,5571,3,C,C3.4,3.458000000e-06,6
2025-08-02,5572,3,C,C3.6,3.652000000e-06,7
2025-08-03,5573,4,M,M2.9,2.950000000e-05,13
2025-08-04,5574,4,M,M2.0,2.063000000e-05,10
2025-08-05,5575,4,M,M4.4,4.418000000e-05,11
2025-08-06,5576,4,M,M1.0,1.065000000e-05,19
2025-08-07,5577,4,M,M3.9,3.932000000e-05,8
2025-08-08,5578,4,M,M2.8,2.865000000e-05,13
2025-08-09,5579,4,M,M1.7,1.717000000e-05,16
2025-08-10,5580,4,M,M2.2,2.258000000e-05,6
2025-08-11,5581,4,M,M1.6,1.663000000e-05,20
2025-08-12,5582,4,M,M1.8,1.830000000e-05,17
2025-08-13,5583,3,C,C4.3,4.369000000e-06,14
2025-08-14,5584,3,C,C2.9,2.947000000e-06,7
2025-08-15,5585,3,C,C7.7,7.782000000e-06,13
2025-08-16,5586,3,C,C3.2,3.269000000e-06,5
2025-08-17,5587,3,C,C3.6,3.683000000e-06,9
2025-08-18,5588,3,C,C2.1,2.161000000e-06,1
2025-08-19,5589,4,M,M1.1,1.134000000e-05,6
2025-08-20,5590,3,C,C3.2,3.267000000e-06,4
2025-08-21,5591,3,C,C2.3,2.350000000e-06,4
2025-08-22,5592,4,M,M1.7,1.792000000e-05,4
2025-08-23,5593,4,M,M1.9,1.969000000e-05,9
2025-08-24,5594,4,M,M1.3,1.335000000e-05,8
2025-08-25,5595,4,M,M4.5,4.561000000e-05,15
2025-08-26,5596,4,M,M4.5,4.525000000e-05,9
2025-08-27,5597,3,C,C9.2,9.287000000e-06,2
2025-08-28,5598,4,M,M1.5,1.538000000e-05,16
2025-08-29,5599,4,M,M1.0,1.081000000e-05,11
2025-08-30,5600,4,M,M2.7,2.761000000e-05,5
2025-08-31,5601,3,C,C6.8,6.810000000e-06,4
2025-09-01,5602,3,C,C4.8,4.895000000e-06,3
2025-09-02,5603,3,C,C6.1,6.113000000e-06,4
2025-09-03,5604,3,C,C3.7,3.797000000e-06,10
2025-09-04,5605,4,M,M1.0,1.048000000e-05,8
2025-09-05,5606,4,M,M1.4,1.420000000e-05,3
2025-09-06,5607,4,M,M1.2,1.222000000e-05,9
2025-09-07,5608,3,C,C9.5,9.566000000e-06,10
2025-09-08,5609,3,C,C1.2,1.300000000e-06,6
2025-09-09,5610,3,C,C1.6,1.613000000e-06,2
2025-09-10,5611,3,C,C1.3,1.395000000e-06,3
2025-09-11,5612,3,C,C7.6,7.617000000e-06,9
2025-09-12,5613,3,C,C1.4,1.467000000e-06,1
2025-09-13,5614,3,C,C1.3,1.315000000e-06,2
2025-09-14,5615,3,C,C3.7,3.756000000e-06,10
2025-09-15,5616,3,C,C3.5,3.593000000e-06,9
2025-09-16,5617,3,C,C3.5,3.574000000e-06,6
2025-09-17,5618,3,C,C2.8,2.882000000e-06,4
2025-09-18,5619,3,C,C3.6,3.610000000e-06,6
2025-09-19,5620,4,M,M1.5,1.537000000e-05,5
2025-09-20,5621,3,C,C3.4,3.431000000e-06,3
2025-09-21,5622,3,C,C6.6,6.640000000e-06,2
2025-09-22,5623,3,C,C4.2,4.265000000e-06,2
2025-09-23,5624,4,M,M1.0,1.088000000e-05,4
2025-09-24,5625,4,M,M1.6,1.641000000e-05,11
2025-09-25,5626,3,C,C3.6,3.603000000e-06,8
2025-09-26,5627,4,M,M1.6,1.655000000e-05,8
2025-09-27,5628,4,M,M1.1,1.133000000e-05,18
2025-09-28,5629,4,M,M6.4,6.451000000e-05,18
2025-09-29,5630,4,M,M3.6,3.666000000e-05,20
2025-09-30,5631,4,M,M2.7,2.722000000e-05,10
2025-10-01,5632,4,M,M1.2,1.239000000e-05,6
2025-10-02,5633,4,M,M1.1,1.198000000e-05,10
2025-10-03,5634,4,M,M1.5,1.520000000e-05,7
2025-10-04,5635,3,C,C5.5,5.508000000e-06,10
2025-10-05,5636,3,C,C3.4,3.469000000e-06,1
2025-10-06,5637,3,C,C5.1,5.130000000e-06,5
2025-10-07,5638,3,C,C9.2,9.237000000e-06,4
2025-10-08,5639,3,C,C1.9,1.933000000e-06,7
2025-10-09,5640,4,M,M2.0,2.019000000e-05,3
2025-10-10,5641,3,C,C2.3,2.384000000e-06,5
2025-10-11,5642,3,C,C2.7,2.762000000e-06,5
2025-10-12,5643,3,C,C9.4,9.415000000e-06,16
2025-10-13,5644,4,M,M2.7,2.795000000e-05,20
2025-10-14,5645,4,M,M3.1,3.179000000e-05,27
2025-10-15,5646,4,M,M4.8,4.832000000e-05,17
2025-10-16,5647,4,M,M1.3,1.325000000e-05,19
2025-10-17,5648,4,M,M1.5,1.506000000e-05,12
2025-10-18,5649,4,M,M1.5,1.520000000e-05,12
2025-10-19,5650,4,M,M1.8,1.810000000e-05,9
2025-10-20,5651,4,M,M1.0,1.092000000e-05,5
2025-10-21,5652,3,C,C3.7,3.701000000e-06,3
2025-10-22,5653,3,C,C4.4,4.438000000e-06,4
2025-10-23,5654,3,C,C5.2,5.235000000e-06,8
2025-10-24,5655,3,C,C2.9,2.990000000e-06,8
2025-10-25,5656,3,C,C2.2,2.296000000e-06,5
2025-10-26,5657,3,C,C1.4,1.463000000e-06,4
2025-10-27,5658,3,C,C1.7,1.784000000e-06,4
2025-10-28,5659,3,C,C1.6,1.666000000e-06,1
2025-10-29,5660,2,B,B9.1,9.130000000e-07,1
2025-10-30,5661,2,B,B7.8,7.818000000e-07,6
2025-10-31,5662,3,C,C3.6,3.649000000e-06,3
2025-11-01,5663,3,C,C4.6,4.700000000e-06,5
2025-11-02,5664,4,M,M1.0,1.076000000e-05,5
2025-11-03,5665,4,M,M5.0,5.003000000e-05,13
2025-11-04,5666,5,X,X1.7,1.799000000e-04,13
2025-11-05,5667,4,M,M8.6,8.651000000e-05,15
2025-11-06,5668,4,M,M1.1,1.161000000e-05,22
2025-11-07,5669,4,M,M1.7,1.758000000e-05,22
2025-11-08,5670,3,C,C4.8,4.840000000e-06,15
2025-11-09,5671,5,X,X1.7,1.788000000e-04,12
2025-11-10,5672,5,X,X1.2,1.210000000e-04,16
2025-11-11,5673,5,X,X5.1,5.153000000e-04,14
2025-11-12,5674,3,C,C4.5,4.529000000e-06,8
2025-11-13,5675,3,C,C6.0,6.078000000e-06,17
2025-11-14,5676,5,X,X4.0,4.045000000e-04,11
2025-11-15,5677,3,C,C8.7,8.781000000e-06,14
2025-11-16,5678,4,M,M3.1,3.112000000e-05,14
2025-11-17,5679,3,C,C7.4,7.498000000e-06,13
2025-11-18,5680,3,C,C2.2,2.275000000e-06,8
2025-11-19,5681,3,C,C9.9,9.904000000e-06,8
2025-11-20,5682,3,C,C2.3,2.359000000e-06,8
2025-11-21,5683,3,C,C3.8,3.804000000e-06,12
2025-11-22,5684,3,C,C6.3,6.325000000e-06,13
2025-11-23,5685,3,C,C1.8,1.802000000e-06,14
2025-11-24,5686,3,C,C2.5,2.566000000e-06,8
2025-11-25,5687,3,C,C2.0,2.046000000e-06,13
2025-11-26,5688,3,C,C2.2,2.239000000e-06,11
2025-11-27,5689,3,C,C3.0,3.002000000e-06,15
2025-11-28,5690,4,M,M5.9,5.960000000e-05,17
2025-11-29,5691,4,M,M2.8,2.891000000e-05,10
2025-11-30,5692,3,C,C8.9,9.000000000e-06,13
2025-12-01,5693,5,X,X1.9,1.943000000e-04,8
2025-12-02,5694,3,C,C5.4,5.421000000e-06,9
2025-12-03,5695,3,C,C5.4,5.405000000e-06,11
2025-12-04,5696,4,M,M6.0,6.071000000e-05,8
2025-12-05,5697,3,C,C7.3,7.367000000e-06,13
2025-12-06,5698,4,M,M8.1,8.127000000e-05,12
2025-12-07,5699,4,M,M2.4,2.493000000e-05,18
2025-12-08,5700,5,X,X1.1,1.133000000e-04,19
2025-12-09,5701,4,M,M2.0,2.047000000e-05,26
2025-12-10,5702,4,M,M4.4,4.458000000e-05,20
2025-12-11,5703,3,C,C9.7,9.732000000e-06,13
2025-12-12,5704,4,M,M2.0,2.037000000e-05,10
2025-12-13,5705,3,C,C8.6,8.655000000e-06,6
2025-12-14,5706,3,C,C3.8,3.817000000e-06,8
2025-12-15,5707,3,C,C3.9,3.952000000e-06,10
2025-12-16,5708,3,C,C3.0,3.063000000e-06,5
2025-12-17,5709,3,C,C2.0,2.043000000e-06,5
2025-12-18,5710,3,C,C3.2,3.218000000e-06,6
2025-12-19,5711,4,M,M1.0,1.077000000e-05,7
2025-12-20,5712,4,M,M1.0,1.058000000e-05,12
2025-12-21,5713,4,M,M1.3,1.304000000e-05,16
2025-12-22,5714,3,C,C8.6,8.635000000e-06,5
2025-12-23,5715,3,C,C1.7,1.728000000e-06,5
2025-12-24,5716,3,C,C4.9,4.920000000e-06,2
2025-12-25,5717,3,C,C2.6,2.670000000e-06,3
2025-12-26,5718,3,C,C6.8,6.897000000e-06,6
2025-12-27,5719,4,M,M5.1,5.170000000e-05,11
2025-12-28,5720,4,M,M4.2,4.243000000e-05,10
2025-12-29,5721,4,M,M1.0,1.047000000e-05,15
2025-12-30,5722,3,C,C5.0,5.077000000e-06,9
2025-12-31,5723,4,M,M7.1,7.107000000e-05,6
2026-01-01,5724,3,C,C9.6,9.642000000e-06,11
2026-01-02,5725,3,C,C6.5,6.525000000e-06,9
2026-01-03,5726,3,C,C8.3,8.301000000e-06,9
2026-01-04,5727,3,C,C2.9,2.925000000e-06,3
2026-01-05,5728,3,C,C3.3,3.392000000e-06,6
2026-01-06,5729,3,C,C4.5,4.521000000e-06,10
2026-01-07,5730,3,C,C7.4,7.421000000e-06,14
2026-01-08,5731,3,C,C5.6,5.659000000e-06,9
2026-01-09,5732,3,C,C3.4,3.409000000e-06,5
2026-01-10,5733,3,C,C3.7,3.792000000e-06,13
2026-01-11,5734,4,M,M3.3,3.379000000e-05,3
2026-01-12,5735,3,C,C5.2,5.229000000e-06,2
2026-01-13,5736,3,C,C2.4,2.474000000e-06,7
2026-01-14,5737,4,M,M1.6,1.625000000e-05,9
2026-01-15,5738,3,C,C9.7,9.746000000e-06,4
2026-01-16,5739,3,C,C6.6,6.614000000e-06,13
2026-01-17,5740,4,M,M2.1,2.163000000e-05,13
2026-01-18,5741,5,X,X1.9,1.943000000e-04,8
2026-01-19,5742,4,M,M1.1,1.195000000e-05,7
2026-01-20,5743,3,C,C4.4,4.486000000e-06,11
2026-01-21,5744,4,M,M3.4,3.411000000e-05,12
2026-01-22,5745,3,C,C9.5,9.596000000e-06,9
2026-01-23,5746,3,C,C4.1,4.182000000e-06,8
2026-01-24,5747,3,C,C4.1,4.156000000e-06,4
2026-01-25,5748,3,C,C8.0,8.011000000e-06,11
2026-01-26,5749,3,C,C8.8,8.859000000e-06,5
2026-01-27,5750,3,C,C3.1,3.175000000e-06,6
2026-01-28,5751,3,C,C1.4,1.425000000e-06,3
2026-01-29,5752,3,C,C1.5,1.585000000e-06,3
2026-01-30,5753,3,C,C1.9,1.909000000e-06,10
2026-01-31,5754,3,C,C7.8,7.823000000e-06,20
2026-02-01,5755,5,X,X8.1,8.106000000e-04,21
2026-02-02,5756,5,X,X2.8,2.835000000e-04,18
2026-02-03,5757,5,X,X1.5,1.510000000e-04,17
2026-02-04,5758,5,X,X4.2,4.203000000e-04,21
2026-02-05,5759,4,M,M2.7,2.764000000e-05,25
2026-02-06,5760,3,C,C6.9,6.980000000e-06,12
2026-02-07,5761,3,C,C7.3,7.338000000e-06,7
2026-02-08,5762,4,M,M2.7,2.757000000e-05,8
2026-02-09,5763,4,M,M2.8,2.816000000e-05,10
2026-02-10,5764,3,C,C3.9,3.983000000e-06,6
2026-02-11,5765,4,M,M1.4,1.445000000e-05,14
2026-02-12,5766,4,M,M1.4,1.436000000e-05,4
2026-02-13,5767,4,M,M1.0,1.059000000e-05,3
2026-02-14,5768,3,C,C6.0,6.049000000e-06,6
2026-02-15,5769,3,C,C1.8,1.860000000e-06,4
2026-02-16,5770,4,M,M2.4,2.471000000e-05,2
2026-02-17,5771,3,C,C1.8,1.852000000e-06,4
2026-02-18,5772,3,C,C2.2,2.246000000e-06,5
2026-02-19,5773,3,C,C1.9,1.994000000e-06,3
2026-02-20,5774,3,C,C2.9,2.908000000e-06,3
2026-02-21,5775,2,B,B6.7,6.746000000e-07,2
2026-02-22,5776,3,C,C2.2,2.212000000e-06,8
2026-02-23,5777,2,B,B5.0,5.046000000e-07,2
2026-02-24,5778,3,C,C2.3,2.399000000e-06,2
2026-02-25,5779,4,M,M2.3,2.394000000e-05,12
2026-02-26,5780,3,C,C6.3,6.349000000e-06,4
2026-02-27,5781,3,C,C3.5,3.502000000e-06,11
2026-02-28,5782,3,C,C6.4,6.494000000e-06,6
2026-03-01,5783,3,C,C6.1,6.127000000e-06,17
2026-03-02,5784,3,C,C4.5,4.556000000e-06,9
2026-03-03,5785,3,C,C3.0,3.002000000e-06,4
2026-03-04,5786,3,C,C4.1,4.115000000e-06,3
2026-03-05,5787,3,C,C1.9,1.985000000e-06,5
2026-03-06,5788,3,C,C1.2,1.250000000e-06,1
2026-03-07,5789,0,none,,,0
2026-03-08,5790,3,C,C1.8,1.875000000e-06,5
2026-03-09,5791,3,C,C7.8,7.859000000e-06,7
2026-03-10,5792,3,C,C4.6,4.628000000e-06,10
2026-03-11,5793,3,C,C1.1,1.148000000e-06,5
2026-03-12,5794,3,C,C3.9,3.998000000e-06,7
2026-03-13,5795,4,M,M1.2,1.206000000e-05,15
2026-03-14,5796,3,C,C2.4,2.457000000e-06,17
2026-03-15,5797,4,M,M1.0,1.007000000e-05,12
2026-03-16,5798,4,M,M2.7,2.789000000e-05,10
2026-03-17,5799,4,M,M1.3,1.323000000e-05,10
2026-03-18,5800,4,M,M2.7,2.746000000e-05,13
2026-03-19,5801,3,C,C2.3,2.309000000e-06,8
2026-03-20,5802,2,B,B4.2,4.283000000e-07,1
2026-03-21,5803,3,C,C1.1,1.193000000e-06,3
2026-03-22,5804,3,C,C1.5,1.580000000e-06,10
2026-03-23,5805,3,C,C1.9,1.937000000e-06,5
2026-03-24,5806,3,C,C7.2,7.283000000e-06,3
2026-03-25,5807,3,C,C3.7,3.760000000e-06,6
2026-03-26,5808,4,M,M3.9,3.925000000e-05,9
2026-03-27,5809,3,C,C5.4,5.490000000e-06,11
2026-03-28,5810,3,C,C4.1,4.121000000e-06,3
2026-03-29,5811,3,C,C2.5,2.577000000e-06,3
2026-03-30,5812,5,X,X1.4,1.493000000e-04,4
2026-03-31,5813,3,C,C1.5,1.518000000e-06,5
2026-04-01,5814,3,C,C8.1,8.131000000e-06,9
2026-04-02,5815,4,M,M3.5,3.537000000e-05,11
2026-04-03,5816,4,M,M1.3,1.332000000e-05,21
2026-04-04,5817,4,M,M7.5,7.545000000e-05,18
2026-04-05,5818,3,C,C3.8,3.874000000e-06,22
2026-04-06,5819,3,C,C1.0,1.073000000e-06,2
2026-04-07,5820,3,C,C5.7,5.722000000e-06,8
2026-04-08,5821,3,C,C8.7,8.780000000e-06,6
2026-04-09,5822,4,M,M1.0,1.071000000e-05,10
2026-04-10,5823,2,B,B7.6,7.685000000e-07,6
2026-04-11,5824,3,C,C2.0,2.005000000e-06,5
2026-04-12,5825,3,C,C2.4,2.469000000e-06,15
2026-04-13,5826,3,C,C1.1,1.149000000e-06,9
2026-04-14,5827,2,B,B9.4,9.461000000e-07,6
2026-04-15,5828,2,B,B9.5,9.547000000e-07,6
2026-04-16,5829,3,C,C1.7,1.792000000e-06,20
2026-04-17,5830,3,C,C4.1,4.145000000e-06,10
2026-04-18,5831,3,C,C1.6,1.630000000e-06,2
2026-04-19,5832,2,B,B6.4,6.406000000e-07,10
2026-04-20,5833,3,C,C1.6,1.612000000e-06,7
2026-04-21,5834,3,C,C5.3,5.355000000e-06,17
2026-04-22,5835,3,C,C3.7,3.757000000e-06,11
2026-04-23,5836,4,M,M4.9,4.954000000e-05,17
2026-04-24,5837,5,X,X2.5,2.517000000e-04,14
2026-04-25,5838,4,M,M1.3,1.308000000e-05,14
2026-04-26,5839,4,M,M6.0,6.020000000e-05,23
2026-04-27,5840,4,M,M1.0,1.052000000e-05,16
2026-04-28,5841,4,M,M1.5,1.575000000e-05,20
2026-04-29,5842,3,C,C5.1,5.141000000e-06,16
2026-04-30,5843,3,C,C5.1,5.155000000e-06,8
2026-05-01,5844,3,C,C7.4,7.484000000e-06,9
2026-05-02,5845,3,C,C8.7,8.746000000e-06,15
2026-05-03,5846,3,C,C3.6,3.665000000e-06,3
2026-05-04,5847,4,M,M1.8,1.888000000e-05,4
2026-05-05,5848,3,C,C6.0,6.022000000e-06,8
2026-05-06,5849,3,C,C1.4,1.499000000e-06,2
2026-05-07,5850,4,M,M2.6,2.610000000e-05,5
2026-05-08,5851,3,C,C4.2,4.218000000e-06,13
2026-05-09,5852,3,C,C2.3,2.361000000e-06,18
2026-05-10,5853,4,M,M5.7,5.787000000e-05,13
2026-05-11,5854,3,C,C1.8,1.862000000e-06,8
2026-05-12,5855,3,C,C2.0,2.014000000e-06,12
2026-05-13,5856,3,C,C2.3,2.322000000e-06,7
2026-05-14,5857,3,C,C5.5,5.547000000e-06,21
2026-05-15,5858,3,C,C9.4,9.482000000e-06,12
2026-05-16,5859,4,M,M1.9,1.956000000e-05,18
2026-05-17,5860,4,M,M1.4,1.415000000e-05,10
2026-05-18,5861,3,C,C1.9,1.932000000e-06,4
2026-05-19,5862,3,C,C2.1,2.177000000e-06,13
2026-05-20,5863,3,C,C1.0,1.080000000e-06,4
2026-05-21,5864,3,C,C9.5,9.575000000e-06,4
2026-05-22,5865,4,M,M2.3,2.383000000e-05,15
2026-05-23,5866,3,C,C5.5,5.570000000e-06,16
2026-05-24,5867,3,C,C3.7,3.745000000e-06,3
2026-05-25,5868,3,C,C3.7,3.761000000e-06,2
2026-05-26,5869,3,C,C9.7,9.728000000e-06,7
2026-05-27,5870,3,C,C3.4,3.477000000e-06,3
2026-05-28,5871,3,C,C3.1,3.173000000e-06,4
2026-05-29,5872,4,M,M1.1,1.168000000e-05,8
2026-05-30,5873,3,C,C4.7,4.756000000e-06,8
2026-05-31,5874,3,C,C3.1,3.143000000e-06,14
2026-06-01,5875,3,C,C1.5,1.536000000e-06,1
2026-06-02,5876,4,M,M3.3,3.331000000e-05,15
2026-06-03,5877,5,X,X1.0,1.031000000e-04,12
2026-06-04,5878,3,C,C2.6,2.691000000e-06,8
2026-06-05,5879,3,C,C4.7,4.720000000e-06,11
2026-06-06,5880,4,M,M1.8,1.861000000e-05,6
2026-06-07,5881,3,C,C3.3,3.372000000e-06,17
2026-06-08,5882,3,C,C7.2,7.238000000e-06,8
2026-06-09,5883,3,C,C4.5,4.535000000e-06,19
2026-06-10,5884,3,C,C6.7,6.770000000e-06,6
2026-06-11,5885,3,C,C9.0,9.013000000e-06,8
2026-06-12,5886,3,C,C5.2,5.223000000e-06,3
2026-06-13,5887,3,C,C2.4,2.470000000e-06,4
2026-06-14,5888,3,C,C1.5,1.571000000e-06,5
2026-06-15,5889,3,C,C1.9,1.913000000e-06,7
2026-06-16,5890,3,C,C1.6,1.605000000e-06,7
2026-06-17,5891,3,C,C2.5,2.515000000e-06,11
2026-06-18,5892,3,C,C1.7,1.793000000e-06,11
2026-06-19,5893,3,C,C4.2,4.249000000e-06,7
2026-06-20,5894,4,M,M1.3,1.335000000e-05,10
2026-06-21,5895,4,M,M6.8,6.896000000e-05,10
2026-06-22,5896,2,B,B9.1,9.156000000e-07,4
2026-06-23,5897,3,C,C8.7,8.742000000e-06,3
2026-06-24,5898,3,C,C3.8,3.802000000e-06,13
2026-06-25,5899,3,C,C6.5,6.569000000e-06,10
2026-06-26,5900,3,C,C5.8,5.836000000e-06,5
2026-06-27,5901,3,C,C7.4,7.472000000e-06,6
2026-06-28,5902,3,C,C9.5,9.544000000e-06,8
2026-06-29,5903,4,M,M1.4,1.471000000e-05,20
2026-06-30,5904,5,X,X1.1,1.103000000e-04,14
2026-07-01,5905,4,M,M8.5,8.542000000e-05,14
2026-07-02,5906,4,M,M4.2,4.200000000e-05,7
2026-07-03,5907,4,M,M6.7,6.742000000e-05,14
2026-07-04,5908,5,X,X1.2,1.299000000e-04,22
2026-07-05,5909,4,M,M5.3,5.395000000e-05,29
2026-07-06,5910,3,C,C9.6,9.642000000e-06,5
2026-07-07,5911,4,M,M4.0,4.047000000e-05,4
2026-07-08,5912,4,M,M1.5,1.558000000e-05,4
2026-07-09,5913,4,M,M1.1,1.174000000e-05,8
2026-07-10,5914,3,C,C6.0,6.004000000e-06,6
2026-07-11,5915,3,C,C1.0,1.095000000e-06,4
2026-07-12,5916,4,M,M1.1,1.184000000e-05,10
2026-07-13,5917,3,C,C1.5,1.514000000e-06,5
2026-07-14,5918,3,C,C3.9,3.961000000e-06,2
2026-07-15,5919,3,C,C8.9,8.965000000e-06,5
2026-07-16,5920,3,C,C5.2,5.290000000e-06,3
2026-07-17,5921,0,none,,,0
2026-07-18,5922,3,C,C2.3,2.361000000e-06,5
2026-07-19,5923,3,C,C1.8,1.872000000e-06,2
2026-07-20,5924,4,M,M3.4,3.465000000e-05,11
2026-07-21,5925,4,M,M1.8,1.898000000e-05,18
2026-07-22,5926,4,M,M3.5,3.578000000e-05,8
2026-07-23,5927,3,C,C5.3,5.341000000e-06,8
2026-07-24,5928,3,C,C3.0,3.073000000e-06,6
2026-07-25,5929,3,C,C2.0,2.047000000e-06,4
2026-07-26,5930,4,M,M3.2,3.233000000e-05,8
2026-07-27,5931,4,M,M1.0,1.072000000e-05,6
2026-07-28,5932,3,C,C5.1,5.153000000e-06,5
2026-07-29,5933,3,C,C1.6,1.656000000e-06,4
2026-07-30,5934,4,M,M1.9,1.904000000e-05,2
2026-07-31,5935,3,C,C3.9,3.994000000e-06,10
2026-08-01,5936,3,C,C2.5,2.504000000e-06,5
2026-08-02,5937,3,C,C6.3,6.353000000e-06,4
2026-08-03,5938,3,C,C1.4,1.402000000e-06,2
2026-08-04,5939,3,C,C1.2,1.288000000e-06,6
2026-08-05,5940,3,C,C1.6,1.697000000e-06,4
2026-08-06,5941,3,C,C1.0,1.031000000e-06,6
2026-08-07,5942,2,B,B3.0,3.026000000e-07,2
2026-08-08,5943,2,B,B7.6,7.602000000e-07,1
2026-08-09,5944,3,C,C1.8,1.840000000e-06,14
2026-08-10,5945,3,C,C2.4,2.413000000e-06,9
2026-08-11,5946,3,C,C2.5,2.553000000e-06,7
2026-08-12,5947,3,C,C1.7,1.740000000e-06,8
2026-08-13,5948,2,B,B9.3,9.342000000e-07,7
2026-08-14,5949,3,C,C4.3,4.368000000e-06,4
2026-08-15,5950,3,C,C3.3,3.316000000e-06,14
2026-08-16,5951,3,C,C8.2,8.223000000e-06,15
